patent_number,date,title,tokens,nltk_pos,is_prpn_nltk,spacy_pos,spacy_label,is_prpn_spacy,is_person_spacy,spacy_pos_len,bad_endings,bad_starts
US322A,1837-07-31 00:00:00,The tikes of wheels and otheb articles ,"['The', 'tikes', 'of', 'wheels', 'and', 'otheb', 'articles']","[('The', 'DT'), ('tikes', 'NNS'), ('of', 'IN'), ('wheels', 'NNS'), ('and', 'CC'), ('otheb', 'NN'), ('articles', 'NNS')]",0,"['DET', 'NOUN', 'ADP', 'NOUN', 'CCONJ', 'NOUN', 'NOUN']",[],0,0,7,0,1
US502A,1837-12-07 00:00:00,Through trees ,"['Through', 'trees']","[('Through', 'IN'), ('trees', 'NNS')]",0,"['ADP', 'NOUN']",[],0,0,2,0,1
US669A,1838-04-02 00:00:00,In the manufacture of gunpowder ,"['In', 'the', 'manufacture', 'of', 'gunpowder']","[('In', 'IN'), ('the', 'DT'), ('manufacture', 'NN'), ('of', 'IN'), ('gunpowder', 'NN')]",0,"['ADP', 'DET', 'NOUN', 'ADP', 'NOUN']",[],0,0,5,0,1
US788A,1838-06-19 00:00:00,And mode oe ,"['And', 'mode', 'oe']","[('And', 'CC'), ('mode', 'NN'), ('oe', 'NN')]",0,"['CCONJ', 'VERB', 'NOUN']",[],0,0,3,0,1
US802A,1838-06-23 00:00:00,The horse-power for driving machinery ,"['The', 'horse-power', 'for', 'driving', 'machinery']","[('The', 'DT'), ('horse-power', 'NN'), ('for', 'IN'), ('driving', 'VBG'), ('machinery', 'NN')]",0,"['DET', 'NOUN', 'PUNCT', 'NOUN', 'ADP', 'VERB', 'NOUN']",[],0,0,7,0,1
US857A,1838-07-26 00:00:00,of greene ,"['of', 'greene']","[('of', 'IN'), ('greene', 'NN')]",0,"['ADP', 'NOUN']",[],0,0,2,0,1
US1016A,1838-11-25 00:00:00,And major algar ,"['And', 'major', 'algar']","[('And', 'CC'), ('major', 'JJ'), ('algar', 'NN')]",0,"['CCONJ', 'ADJ', 'NOUN']",[],0,0,3,0,1
US1069A,1839-01-16 00:00:00,The graphic co ,"['The', 'graphic', 'co']","[('The', 'DT'), ('graphic', 'JJ'), ('co', 'NN')]",0,"['DET', 'ADJ', 'NOUN']",[],0,0,3,0,1
US1305A,1839-08-29 00:00:00,For drilling- metallic and other substances ,"['For', 'drilling-', 'metallic', 'and', 'other', 'substances']","[('For', 'IN'), ('drilling-', 'JJ'), ('metallic', 'NN'), ('and', 'CC'), ('other', 'JJ'), ('substances', 'NNS')]",0,"['ADP', 'ADJ', 'ADJ', 'CCONJ', 'ADJ', 'NOUN']",[],0,0,6,0,1
US1459A,1839-12-31 00:00:00,Of pro ,"['Of', 'pro']","[('Of', 'IN'), ('pro', 'JJ')]",0,"['ADP', 'ADJ']",[],0,0,2,0,1
US1617A,1840-05-25 00:00:00,of baltimoee ,"['of', 'baltimoee']","[('of', 'IN'), ('baltimoee', 'NN')]",0,"['ADP', 'NOUN']",[],0,0,2,0,1
US1665A,1840-07-01 00:00:00,And wm ,"['And', 'wm']","[('And', 'CC'), ('wm', 'NN')]",0,"['CCONJ', 'VERB']",[],0,0,2,0,1
US1666A,1840-07-01 00:00:00,For railroad and other carriages ,"['For', 'railroad', 'and', 'other', 'carriages']","[('For', 'IN'), ('railroad', 'NN'), ('and', 'CC'), ('other', 'JJ'), ('carriages', 'NNS')]",0,"['ADP', 'NOUN', 'CCONJ', 'ADJ', 'NOUN']",[],0,0,5,0,1
US1756A,1840-09-02 00:00:00,The graphic co ,"['The', 'graphic', 'co']","[('The', 'DT'), ('graphic', 'JJ'), ('co', 'NN')]",0,"['DET', 'ADJ', 'NOUN']",[],0,0,3,0,1
US1829A,1840-10-16 00:00:00,And chiming staves ,"['And', 'chiming', 'staves']","[('And', 'CC'), ('chiming', 'VBG'), ('staves', 'NNS')]",0,"['CCONJ', 'VERB', 'NOUN']",[],0,0,3,0,1
US1901A,1840-12-14 00:00:00,The graphic co ,"['The', 'graphic', 'co']","[('The', 'DT'), ('graphic', 'JJ'), ('co', 'NN')]",0,"['DET', 'ADJ', 'NOUN']",[],0,0,3,0,1
US1950A,1841-01-25 00:00:00,The steam-valves op steam-engines when the steam is ,"['The', 'steam-valves', 'op', 'steam-engines', 'when', 'the', 'steam', 'is']","[('The', 'DT'), ('steam-valves', 'JJ'), ('op', 'NN'), ('steam-engines', 'NNS'), ('when', 'WRB'), ('the', 'DT'), ('steam', 'NN'), ('is', 'VBZ')]",0,"['DET', 'NOUN', 'PUNCT', 'NOUN', 'NOUN', 'NOUN', 'PUNCT', 'NOUN', 'SCONJ', 'DET', 'NOUN', 'AUX']",[],0,0,12,0,1
US2017A,1841-03-26 00:00:00,The graphic co ,"['The', 'graphic', 'co']","[('The', 'DT'), ('graphic', 'JJ'), ('co', 'NN')]",0,"['DET', 'ADJ', 'NOUN']",[],0,0,3,0,1
US2040A,1841-04-10 00:00:00,And rufus ,"['And', 'rufus']","[('And', 'CC'), ('rufus', 'VB')]",0,"['CCONJ', 'NOUN']",[],0,0,2,0,1
US2083A,1841-05-06 00:00:00,And cleaning out docks ,"['And', 'cleaning', 'out', 'docks']","[('And', 'CC'), ('cleaning', 'VBG'), ('out', 'RP'), ('docks', 'NNS')]",0,"['CCONJ', 'VERB', 'ADP', 'NOUN']",[],0,0,4,0,1
US2271A,1841-09-30 00:00:00,And alfred b ,"['And', 'alfred', 'b']","[('And', 'CC'), ('alfred', 'VBD'), ('b', 'NN')]",0,"['CCONJ', 'ADJ', 'NOUN']",[],0,0,3,0,1
US2361A,1841-11-16 00:00:00,And jno ,"['And', 'jno']","[('And', 'CC'), ('jno', 'NN')]",0,"['CCONJ', 'NOUN']",[],0,0,2,0,1
US2485A,1842-03-09 00:00:00,Of rotary engines to be propelled by eithee water or steam ,"['Of', 'rotary', 'engines', 'to', 'be', 'propelled', 'by', 'eithee', 'water', 'or', 'steam']","[('Of', 'IN'), ('rotary', 'JJ'), ('engines', 'NNS'), ('to', 'TO'), ('be', 'VB'), ('propelled', 'VBN'), ('by', 'IN'), ('eithee', 'JJ'), ('water', 'NN'), ('or', 'CC'), ('steam', 'NN')]",0,"['ADP', 'ADJ', 'NOUN', 'PART', 'AUX', 'VERB', 'ADP', 'NOUN', 'NOUN', 'CCONJ', 'NOUN']",[],0,0,11,0,1
US2521A,1842-03-28 00:00:00,And in the construction of insulated conductors ,"['And', 'in', 'the', 'construction', 'of', 'insulated', 'conductors']","[('And', 'CC'), ('in', 'IN'), ('the', 'DT'), ('construction', 'NN'), ('of', 'IN'), ('insulated', 'JJ'), ('conductors', 'NNS')]",0,"['CCONJ', 'ADP', 'DET', 'NOUN', 'ADP', 'ADJ', 'NOUN']",[],0,0,7,0,1
US2533A,1842-04-01 00:00:00,Navigating- and propelling ,"['Navigating-', 'and', 'propelling']","[('Navigating-', 'NNP'), ('and', 'CC'), ('propelling', 'VBG')]",1,"['ADP', 'CCONJ', 'VERB']",[],0,0,3,0,1
US2598A,1842-04-30 00:00:00,Of puopezmwgr boats ,"['Of', 'puopezmwgr', 'boats']","[('Of', 'IN'), ('puopezmwgr', 'NN'), ('boats', 'NNS')]",0,"['ADP', 'NOUN', 'NOUN']",[],0,0,3,0,1
US2615A,1842-05-07 00:00:00,Of arranging the saw-gates and fender-posts of sawmills ,"['Of', 'arranging', 'the', 'saw-gates', 'and', 'fender-posts', 'of', 'sawmills']","[('Of', 'IN'), ('arranging', 'VBG'), ('the', 'DT'), ('saw-gates', 'NNS'), ('and', 'CC'), ('fender-posts', 'NNS'), ('of', 'IN'), ('sawmills', 'NNS')]",0,"['ADP', 'VERB', 'DET', 'NOUN', 'PUNCT', 'NOUN', 'CCONJ', 'NOUN', 'PUNCT', 'NOUN', 'ADP', 'NOUN']",[],0,0,12,0,1
US2651A,1842-05-28 00:00:00,Of constructing brushes for dressing- warps ,"['Of', 'constructing', 'brushes', 'for', 'dressing-', 'warps']","[('Of', 'IN'), ('constructing', 'VBG'), ('brushes', 'NNS'), ('for', 'IN'), ('dressing-', 'JJ'), ('warps', 'NN')]",0,"['ADP', 'VERB', 'NOUN', 'ADP', 'ADJ', 'NOUN']",[],0,0,6,0,1
US2673A,1842-06-18 00:00:00,Of begrttlating the drag of yabjst in the operation of spinning ,"['Of', 'begrttlating', 'the', 'drag', 'of', 'yabjst', 'in', 'the', 'operation', 'of', 'spinning']","[('Of', 'IN'), ('begrttlating', 'VBG'), ('the', 'DT'), ('drag', 'NN'), ('of', 'IN'), ('yabjst', 'NN'), ('in', 'IN'), ('the', 'DT'), ('operation', 'NN'), ('of', 'IN'), ('spinning', 'VBG')]",0,"['ADP', 'VERB', 'DET', 'NOUN', 'ADP', 'ADJ', 'ADP', 'DET', 'NOUN', 'ADP', 'VERB']",[],0,0,11,0,1
US2699A,1842-07-02 00:00:00,With elievated ovem ,"['With', 'elievated', 'ovem']","[('With', 'IN'), ('elievated', 'VBN'), ('ovem', 'NN')]",0,"['ADP', 'ADJ', 'NOUN']",[],0,0,3,0,1
US2740A,1842-07-28 00:00:00,The graphic co ,"['The', 'graphic', 'co']","[('The', 'DT'), ('graphic', 'JJ'), ('co', 'NN')]",0,"['DET', 'ADJ', 'NOUN']",[],0,0,3,0,1
US2868A,1842-12-05 00:00:00,By machinery ,"['By', 'machinery']","[('By', 'IN'), ('machinery', 'NN')]",0,"['ADP', 'NOUN']",[],0,0,2,0,1
US3029A,1843-04-06 00:00:00,Or shaving the heads q ,"['Or', 'shaving', 'the', 'heads', 'q']","[('Or', 'CC'), ('shaving', 'VBG'), ('the', 'DT'), ('heads', 'NNS'), ('q', 'VBP')]",0,"['CCONJ', 'VERB', 'DET', 'NOUN', 'X']",[],0,0,5,0,1
US3189A,1843-07-20 00:00:00,And closing valves oe steam-engines ,"['And', 'closing', 'valves', 'oe', 'steam-engines']","[('And', 'CC'), ('closing', 'NN'), ('valves', 'NNS'), ('oe', 'VBP'), ('steam-engines', 'NNS')]",0,"['CCONJ', 'NOUN', 'NOUN', 'VERB', 'NOUN', 'PUNCT', 'NOUN']",[],0,0,7,0,1
US3200A,1843-07-28 00:00:00,Of cowstbttctingi- steam-boilers ,"['Of', 'cowstbttctingi-', 'steam-boilers']","[('Of', 'IN'), ('cowstbttctingi-', 'JJ'), ('steam-boilers', 'NNS')]",0,"['ADP', 'ADJ', 'NOUN', 'PUNCT', 'NOUN']",[],0,0,5,0,1
US3294A,1843-10-06 00:00:00,And lazabus b ,"['And', 'lazabus', 'b']","[('And', 'CC'), ('lazabus', 'NN'), ('b', 'NN')]",0,"['CCONJ', 'NOUN', 'NOUN']",[],0,0,3,0,1
US3377A,1843-12-15 00:00:00,And edwd ,"['And', 'edwd']","[('And', 'CC'), ('edwd', 'VB')]",0,"['CCONJ', 'VERB']",[],0,0,2,0,1
US3421A,1844-01-31 00:00:00,w waterman ,"['w', 'waterman']","[('w', 'NN'), ('waterman', 'NN')]",0,"['ADP', 'NOUN']",[],0,0,2,0,1
US3460A,1844-02-28 00:00:00,of schenectadi  ,"['of', 'schenectadi']","[('of', 'IN'), ('schenectadi', 'NN')]",0,"['ADP', 'NOUN', 'SPACE']",[],0,0,3,0,1
US3523A,1844-04-04 00:00:00,And caleb ,"['And', 'caleb']","[('And', 'CC'), ('caleb', 'NN')]",0,"['CCONJ', 'NOUN']",[],0,0,2,0,1
US3610A,1844-06-05 00:00:00,And thos ,"['And', 'thos']","[('And', 'CC'), ('thos', 'NN')]",0,"['CCONJ', 'NOUN']",[],0,0,2,0,1
US3698A,1844-08-10 00:00:00,a tptt c x     ip ,"['a', 'tptt', 'c', 'x', 'ip']","[('a', 'DT'), ('tptt', 'JJ'), ('c', 'NN'), ('x', 'NNP'), ('ip', 'NN')]",1,"['DET', 'NOUN', 'NOUN', 'PUNCT', 'SPACE', 'NOUN']",[],0,0,6,0,1
US3742A,1844-09-14 00:00:00,Of kidderminster ,"['Of', 'kidderminster']","[('Of', 'IN'), ('kidderminster', 'NN')]",0,"['ADP', 'NOUN']",[],0,0,2,0,1
US4124A,1845-07-26 00:00:00,The graphic co ,"['The', 'graphic', 'co']","[('The', 'DT'), ('graphic', 'JJ'), ('co', 'NN')]",0,"['DET', 'ADJ', 'NOUN']",[],0,0,3,0,1
US4356A,1846-01-15 00:00:00,A horace h ,"['A', 'horace', 'h']","[('A', 'DT'), ('horace', 'NN'), ('h', 'NN')]",0,"['DET', 'NOUN', 'NOUN']",[],0,0,3,0,1
US4378A,1846-02-10 00:00:00,of lockport ,"['of', 'lockport']","[('of', 'IN'), ('lockport', 'NN')]",0,"['ADP', 'NOUN']",[],0,0,2,0,1
US4556A,1846-06-06 00:00:00,of chelmsford ,"['of', 'chelmsford']","[('of', 'IN'), ('chelmsford', 'NN')]",0,"['ADP', 'NOUN']",[],0,0,2,0,1
US4814A,1846-10-14 00:00:00,A brush trimmer ,"['A', 'brush', 'trimmer']","[('A', 'DT'), ('brush', 'NN'), ('trimmer', 'NN')]",0,"['DET', 'NOUN', 'NOUN']",[],0,0,3,0,1
US4895A,1846-12-17 00:00:00,And bernice s ,"['And', 'bernice', 's']","[('And', 'CC'), ('bernice', 'NN'), ('s', 'NN')]",0,"['CCONJ', 'NOUN', 'VERB']",[],0,0,3,0,1
US5043A,1847-03-27 00:00:00,The graphic ,"['The', 'graphic']","[('The', 'DT'), ('graphic', 'JJ')]",0,"['DET', 'NOUN']",[],0,0,2,0,1
US5095A,1847-05-01 00:00:00,Of albany ,"['Of', 'albany']","[('Of', 'IN'), ('albany', 'NN')]",0,"['ADP', 'ADJ']",[],0,0,2,0,1
US5193A,1847-07-17 00:00:00,The timbers of vessels ,"['The', 'timbers', 'of', 'vessels']","[('The', 'DT'), ('timbers', 'NNS'), ('of', 'IN'), ('vessels', 'NNS')]",0,"['DET', 'NOUN', 'ADP', 'NOUN']",[],0,0,4,0,1
US5197A,1847-07-24 00:00:00,Or paring ,"['Or', 'paring']","[('Or', 'CC'), ('paring', 'VBG')]",0,"['CCONJ', 'VERB']",[],0,0,2,0,1
US5475A,1848-03-14 00:00:00,The graphic co ,"['The', 'graphic', 'co']","[('The', 'DT'), ('graphic', 'JJ'), ('co', 'NN')]",0,"['DET', 'ADJ', 'NOUN']",[],0,0,3,0,1
US5515A,1848-04-18 00:00:00,Spring- fob closing doors ,"['Spring-', 'fob', 'closing', 'doors']","[('Spring-', 'JJ'), ('fob', 'NN'), ('closing', 'NN'), ('doors', 'NNS')]",0,"['ADP', 'NOUN', 'NOUN', 'NOUN']",[],0,0,4,0,1
US5543A,1848-05-02 00:00:00,of jbesey city ,"['of', 'jbesey', 'city']","[('of', 'IN'), ('jbesey', 'NN'), ('city', 'NN')]",0,"['ADP', 'ADJ', 'NOUN']",[],0,0,3,0,1
US6265A,1849-04-03 00:00:00,The graphic co ,"['The', 'graphic', 'co']","[('The', 'DT'), ('graphic', 'JJ'), ('co', 'NN')]",0,"['DET', 'ADJ', 'NOUN']",[],0,0,3,0,1
US6302A,1849-04-10 00:00:00,of new yoke ,"['of', 'new', 'yoke']","[('of', 'IN'), ('new', 'JJ'), ('yoke', 'NN')]",0,"['ADP', 'ADJ', 'NOUN']",[],0,0,3,0,1
US6303A,1849-04-10 00:00:00,And benjamin hallowell ,"['And', 'benjamin', 'hallowell']","[('And', 'CC'), ('benjamin', 'NN'), ('hallowell', 'NN')]",0,"['CCONJ', 'ADJ', 'NOUN']",[],0,0,3,0,1
US6325A,1849-04-17 00:00:00,And ephm ,"['And', 'ephm']","[('And', 'CC'), ('ephm', 'VB')]",0,"['CCONJ', 'VERB']",[],0,0,2,0,1
US6398A,1849-04-24 00:00:00,of greenfield ,"['of', 'greenfield']","[('of', 'IN'), ('greenfield', 'NN')]",0,"['ADP', 'NOUN']",[],0,0,2,0,1
US6421A,1849-05-08 00:00:00,And ezra whitman ,"['And', 'ezra', 'whitman']","[('And', 'CC'), ('ezra', 'VB'), ('whitman', 'NN')]",0,"['CCONJ', 'ADJ', 'NOUN']",[],0,0,3,0,1
US6619A,1849-07-31 00:00:00,And slicing ,"['And', 'slicing']","[('And', 'CC'), ('slicing', 'VBG')]",0,"['CCONJ', 'VERB']",[],0,0,2,0,1
US6810A,1849-10-23 00:00:00,The graphic co ,"['The', 'graphic', 'co']","[('The', 'DT'), ('graphic', 'JJ'), ('co', 'NN')]",0,"['DET', 'ADJ', 'NOUN']",[],0,0,3,0,1
US7104A,1850-02-19 00:00:00,By allen r ,"['By', 'allen', 'r']","[('By', 'IN'), ('allen', 'NNS'), ('r', 'NN')]",0,"['ADP', 'NOUN', 'NOUN']",[],0,0,3,0,1
US7203A,1850-03-19 00:00:00,Of pro ,"['Of', 'pro']","[('Of', 'IN'), ('pro', 'JJ')]",0,"['ADP', 'ADJ']",[],0,0,2,0,1
US7311A,1850-04-23 00:00:00,Turning- a peculiar ,"['Turning-', 'a', 'peculiar']","[('Turning-', 'CD'), ('a', 'DT'), ('peculiar', 'NN')]",0,"['ADP', 'DET', 'ADJ']",[],0,0,3,0,1
US7329A,1850-04-30 00:00:00,Boasting- coffee ,"['Boasting-', 'coffee']","[('Boasting-', 'JJ'), ('coffee', 'NN')]",0,"['ADP', 'NOUN']",[],0,0,2,0,1
US7417A,1850-06-04 00:00:00,Of woonsooket ,"['Of', 'woonsooket']","[('Of', 'IN'), ('woonsooket', 'NN')]",0,"['ADP', 'NOUN']",[],0,0,2,0,1
US7793A,1850-11-26 00:00:00,And chas ,"['And', 'chas']","[('And', 'CC'), ('chas', 'NN')]",0,"['CCONJ', 'VERB']",[],0,0,2,0,1
US7991A,1851-03-18 00:00:00,Of beehives ,"['Of', 'beehives']","[('Of', 'IN'), ('beehives', 'NNS')]",0,"['ADP', 'NOUN']",[],0,0,2,0,1
US8451A,1851-10-21 00:00:00,Of railroad-cars ,"['Of', 'railroad-cars']","[('Of', 'IN'), ('railroad-cars', 'NNS')]",0,"['ADP', 'NOUN', 'PUNCT', 'NOUN']",[],0,0,4,0,1
US8710A,1852-02-03 00:00:00,Of railroad-oaks ,"['Of', 'railroad-oaks']","[('Of', 'IN'), ('railroad-oaks', 'NNS')]",0,"['ADP', 'NOUN', 'PUNCT', 'NOUN']",[],0,0,4,0,1
US8785A,1852-03-02 00:00:00,And edwd ,"['And', 'edwd']","[('And', 'CC'), ('edwd', 'VB')]",0,"['CCONJ', 'VERB']",[],0,0,2,0,1
US8819A,1852-03-23 00:00:00,of greentown ,"['of', 'greentown']","[('of', 'IN'), ('greentown', 'NN')]",0,"['ADP', 'NOUN']",[],0,0,2,0,1
US8861A,1852-04-06 00:00:00,of cheshire ,"['of', 'cheshire']","[('of', 'IN'), ('cheshire', 'NN')]",0,"['ADP', 'NOUN']",[],0,0,2,0,1
US8938A,1852-05-11 00:00:00,Of brushes ,"['Of', 'brushes']","[('Of', 'IN'), ('brushes', 'NNS')]",0,"['ADP', 'NOUN']",[],0,0,2,0,1
US8988A,1852-06-01 00:00:00,The graphic co ,"['The', 'graphic', 'co']","[('The', 'DT'), ('graphic', 'JJ'), ('co', 'NN')]",0,"['DET', 'ADJ', 'NOUN']",[],0,0,3,0,1
US9025A,1852-06-15 00:00:00,And chas ,"['And', 'chas']","[('And', 'CC'), ('chas', 'NN')]",0,"['CCONJ', 'VERB']",[],0,0,2,0,1
US9086A,1852-06-29 00:00:00,And wm ,"['And', 'wm']","[('And', 'CC'), ('wm', 'NN')]",0,"['CCONJ', 'VERB']",[],0,0,2,0,1
US9253A,1852-09-07 00:00:00,And harvey allen ,"['And', 'harvey', 'allen']","[('And', 'CC'), ('harvey', 'VB'), ('allen', 'NN')]",0,"['CCONJ', 'NOUN', 'NOUN']",[],0,0,3,0,1
US9388A,1852-11-09 00:00:00,And obed king and ezra king ,"['And', 'obed', 'king', 'and', 'ezra', 'king']","[('And', 'CC'), ('obed', 'MD'), ('king', 'VB'), ('and', 'CC'), ('ezra', 'VB'), ('king', 'NN')]",0,"['CCONJ', 'VERB', 'NOUN', 'CCONJ', 'VERB', 'NOUN']",[],0,0,6,0,1
US9713A,1853-05-10 00:00:00,And controlling the rudders oe steam vessels ,"['And', 'controlling', 'the', 'rudders', 'oe', 'steam', 'vessels']","[('And', 'CC'), ('controlling', 'VBG'), ('the', 'DT'), ('rudders', 'NNS'), ('oe', 'VBP'), ('steam', 'NN'), ('vessels', 'NNS')]",0,"['CCONJ', 'VERB', 'DET', 'NOUN', 'VERB', 'NOUN', 'NOUN']",[],0,0,7,0,1
US9776A,1853-06-07 00:00:00,And henry a ,"['And', 'henry', 'a']","[('And', 'CC'), ('henry', 'VB'), ('a', 'DT')]",0,"['CCONJ', 'VERB', 'PRON']",[],0,0,3,0,1
US10113A,1853-10-11,of fayetteville ,"['of', 'fayetteville']","[('of', 'IN'), ('fayetteville', 'NN')]",0,"['ADP', 'NOUN']",[],0,0,2,0,1
US10131A,1853-10-18,And geo ,"['And', 'geo']","[('And', 'CC'), ('geo', 'NN')]",0,"['CCONJ', 'VERB']",[],0,0,2,0,1
US10336A,1853-12-20,d homergul ,"['d', 'homergul']","[('d', 'NN'), ('homergul', 'NN')]",0,"['DET', 'NOUN']",[],0,0,2,0,1
US10360A,1854-01-03,Of wagon s ,"['Of', 'wagon', 's']","[('Of', 'IN'), ('wagon', 'NN'), ('s', 'NN')]",0,"['ADP', 'NOUN', 'NOUN']",[],0,0,3,0,1
US10482A,1854-01-31,Of sheet-iron ,"['Of', 'sheet-iron']","[('Of', 'IN'), ('sheet-iron', 'NN')]",0,"['ADP', 'NOUN', 'PUNCT', 'NOUN']",[],0,0,4,0,1
US10483A,1854-01-31,Of pbintihg-blocks ,"['Of', 'pbintihg-blocks']","[('Of', 'IN'), ('pbintihg-blocks', 'NNS')]",0,"['ADP', 'NOUN', 'PUNCT', 'NOUN']",[],0,0,4,0,1
US10983A,1854-05-30,The disks and bims oe car-wheels ,"['The', 'disks', 'and', 'bims', 'oe', 'car-wheels']","[('The', 'DT'), ('disks', 'NNS'), ('and', 'CC'), ('bims', 'NNS'), ('oe', 'VBP'), ('car-wheels', 'NNS')]",0,"['DET', 'NOUN', 'CCONJ', 'NOUN', 'X', 'NOUN', 'PUNCT', 'NOUN']",[],0,0,8,0,1
US11210A,1854-07-04,of pitts burg ,"['of', 'pitts', 'burg']","[('of', 'IN'), ('pitts', 'NNS'), ('burg', 'NNS')]",0,"['ADP', 'NOUN', 'NOUN']",[],0,0,3,0,1
US11225A,1854-07-04,The graphic co ,"['The', 'graphic', 'co']","[('The', 'DT'), ('graphic', 'JJ'), ('co', 'NN')]",0,"['DET', 'ADJ', 'NOUN']",[],0,0,3,0,1
US11251A,1854-07-11,The graphic co ,"['The', 'graphic', 'co']","[('The', 'DT'), ('graphic', 'JJ'), ('co', 'NN')]",0,"['DET', 'ADJ', 'NOUN']",[],0,0,3,0,1
US11364A,1854-07-25,of salem ,"['of', 'salem']","[('of', 'IN'), ('salem', 'NN')]",0,"['ADP', 'NOUN']",[],0,0,2,0,1
US11478A,1854-08-08,of dansyrlle ,"['of', 'dansyrlle']","[('of', 'IN'), ('dansyrlle', 'NN')]",0,"['ADP', 'NOUN']",[],0,0,2,0,1
US11842A,1854-10-24,And belated devices ,"['And', 'belated', 'devices']","[('And', 'CC'), ('belated', 'VBD'), ('devices', 'NNS')]",0,"['CCONJ', 'VERB', 'NOUN']",[],0,0,3,0,1
US11914A,1854-11-07,Of hannibal ,"['Of', 'hannibal']","[('Of', 'IN'), ('hannibal', 'NN')]",0,"['ADP', 'ADJ']",[],0,0,2,0,1
US11984A,1854-11-21,of dubtjqtje ,"['of', 'dubtjqtje']","[('of', 'IN'), ('dubtjqtje', 'NN')]",0,"['ADP', 'NOUN']",[],0,0,2,0,1
US12103A,1854-12-19,of fort edwahb ,"['of', 'fort', 'edwahb']","[('of', 'IN'), ('fort', 'NN'), ('edwahb', 'NN')]",0,"['ADP', 'NOUN', 'NOUN']",[],0,0,3,0,1
US12162A,1855-01-02,The knife in planing-machines ,"['The', 'knife', 'in', 'planing-machines']","[('The', 'DT'), ('knife', 'NN'), ('in', 'IN'), ('planing-machines', 'NNS')]",0,"['DET', 'NOUN', 'ADP', 'NOUN', 'PUNCT', 'NOUN']",[],0,0,6,0,1
US12264A,1855-01-16,Of por ,"['Of', 'por']","[('Of', 'IN'), ('por', 'NN')]",0,"['ADP', 'NOUN']",[],0,0,2,0,1
US12439A,1855-02-27,The graphic co ,"['The', 'graphic', 'co']","[('The', 'DT'), ('graphic', 'JJ'), ('co', 'NN')]",0,"['DET', 'ADJ', 'NOUN']",[],0,0,3,0,1
US12527A,1855-03-13,The graphic co ,"['The', 'graphic', 'co']","[('The', 'DT'), ('graphic', 'JJ'), ('co', 'NN')]",0,"['DET', 'ADJ', 'NOUN']",[],0,0,3,0,1
US12563A,1855-03-20,And tenoning machine ,"['And', 'tenoning', 'machine']","[('And', 'CC'), ('tenoning', 'VBG'), ('machine', 'NN')]",0,"['CCONJ', 'VERB', 'NOUN']",[],0,0,3,0,1
US12616A,1855-04-03,Of white lead by precipitation ,"['Of', 'white', 'lead', 'by', 'precipitation']","[('Of', 'IN'), ('white', 'JJ'), ('lead', 'NN'), ('by', 'IN'), ('precipitation', 'NN')]",0,"['ADP', 'ADJ', 'NOUN', 'ADP', 'NOUN']",[],0,0,5,0,1
US12651A,1855-04-03,The graphic co ,"['The', 'graphic', 'co']","[('The', 'DT'), ('graphic', 'JJ'), ('co', 'NN')]",0,"['DET', 'ADJ', 'NOUN']",[],0,0,3,0,1
US12668A,1855-04-10,Ifor winding ,"['Ifor', 'winding']","[('Ifor', 'NNP'), ('winding', 'NN')]",1,"['ADP', 'VERB']",[],0,0,2,0,1
US12676A,1855-04-10,The graphic  ,"['The', 'graphic']","[('The', 'DT'), ('graphic', 'JJ')]",0,"['DET', 'ADJ', 'SPACE']",[],0,0,3,0,1
US12845A,1855-05-08,Of nejvvtork ,"['Of', 'nejvvtork']","[('Of', 'IN'), ('nejvvtork', 'NN')]",0,"['ADP', 'NOUN']",[],0,0,2,0,1
US12874A,1855-05-15,of hartford ,"['of', 'hartford']","[('of', 'IN'), ('hartford', 'NN')]",0,"['ADP', 'NOUN']",[],0,0,2,0,1
US13063A,1855-06-12,The edoes of shoe soles ,"['The', 'edoes', 'of', 'shoe', 'soles']","[('The', 'DT'), ('edoes', 'NNS'), ('of', 'IN'), ('shoe', 'NN'), ('soles', 'NNS')]",0,"['DET', 'NOUN', 'ADP', 'NOUN', 'NOUN']",[],0,0,5,0,1
US13307A,1855-07-24,And mortising hubs ,"['And', 'mortising', 'hubs']","[('And', 'CC'), ('mortising', 'VBG'), ('hubs', 'NNS')]",0,"['CCONJ', 'VERB', 'NOUN']",[],0,0,3,0,1
US13343A,1855-07-24,And de witt ,"['And', 'de', 'witt']","[('And', 'CC'), ('de', 'VB'), ('witt', 'NN')]",0,"['CCONJ', 'X', 'X']",[],0,0,3,0,1
US13461A,1855-08-21,And robt ,"['And', 'robt']","[('And', 'CC'), ('robt', 'VB')]",0,"['CCONJ', 'NOUN']",[],0,0,2,0,1
US13513A,1855-08-28,The graphic co ,"['The', 'graphic', 'co']","[('The', 'DT'), ('graphic', 'JJ'), ('co', 'NN')]",0,"['DET', 'ADJ', 'NOUN']",[],0,0,3,0,1
US13633A,1855-10-09,Borate of limx ,"['Borate', 'of', 'limx']","[('Borate', 'NNP'), ('of', 'IN'), ('limx', 'NN')]",1,"['ADP', 'ADP', 'NOUN']",[],0,0,3,0,1
US13868A,1855-12-04,And wm ,"['And', 'wm']","[('And', 'CC'), ('wm', 'NN')]",0,"['CCONJ', 'VERB']",[],0,0,2,0,1
US13934A,1855-12-11,of springfield ,"['of', 'springfield']","[('of', 'IN'), ('springfield', 'NN')]",0,"['ADP', 'NOUN']",[],0,0,2,0,1
US14125A,1856-01-15,And working steam-valves as cut-offs ,"['And', 'working', 'steam-valves', 'as', 'cut-offs']","[('And', 'CC'), ('working', 'VBG'), ('steam-valves', 'NNS'), ('as', 'IN'), ('cut-offs', 'NNS')]",0,"['CCONJ', 'VERB', 'NOUN', 'PUNCT', 'NOUN', 'ADP', 'NOUN', 'PUNCT', 'NOUN']",[],0,0,9,0,1
US14273A,1856-02-19,Of cisterns ,"['Of', 'cisterns']","[('Of', 'IN'), ('cisterns', 'NNS')]",0,"['ADP', 'NOUN']",[],0,0,2,0,1
US14426A,1856-03-11,The rands therein ,"['The', 'rands', 'therein']","[('The', 'DT'), ('rands', 'NNS'), ('therein', 'VBP')]",0,"['DET', 'NOUN', 'ADV']",[],0,0,3,0,1
US14844A,1856-05-06,of waverly ,"['of', 'waverly']","[('of', 'IN'), ('waverly', 'RB')]",0,"['ADP', 'ADV']",[],0,0,2,0,1
US14985A,1856-05-27,And wm ,"['And', 'wm']","[('And', 'CC'), ('wm', 'NN')]",0,"['CCONJ', 'VERB']",[],0,0,2,0,1
US15111A,1856-06-10,Japanning- pins ,"['Japanning-', 'pins']","[('Japanning-', 'JJ'), ('pins', 'NNS')]",0,"['ADP', 'NOUN']",[],0,0,2,0,1
US15191A,1856-06-24,Of vehicles ,"['Of', 'vehicles']","[('Of', 'IN'), ('vehicles', 'NNS')]",0,"['ADP', 'NOUN']",[],0,0,2,0,1
US15473A,1856-08-05,And detaching boats to and from their tackle ,"['And', 'detaching', 'boats', 'to', 'and', 'from', 'their', 'tackle']","[('And', 'CC'), ('detaching', 'VBG'), ('boats', 'NNS'), ('to', 'TO'), ('and', 'CC'), ('from', 'IN'), ('their', 'PRP$'), ('tackle', 'NN')]",0,"['CCONJ', 'VERB', 'NOUN', 'ADP', 'CCONJ', 'ADP', 'PRON', 'NOUN']",[],0,0,8,0,1
US15633A,1856-08-26,Over the sides ,"['Over', 'the', 'sides']","[('Over', 'IN'), ('the', 'DT'), ('sides', 'NNS')]",0,"['ADP', 'DET', 'NOUN']",[],0,0,3,0,1
US15693A,1856-09-09,of middletown ,"['of', 'middletown']","[('of', 'IN'), ('middletown', 'NN')]",0,"['ADP', 'NOUN']",[],0,0,2,0,1
US16437A,1857-01-20,Of double-pile carpets and bugs ,"['Of', 'double-pile', 'carpets', 'and', 'bugs']","[('Of', 'IN'), ('double-pile', 'JJ'), ('carpets', 'NNS'), ('and', 'CC'), ('bugs', 'NNS')]",0,"['ADP', 'ADJ', 'PUNCT', 'NOUN', 'NOUN', 'CCONJ', 'NOUN']",[],0,0,7,0,1
US16589A,1857-02-10,In feathering paddle-wheels ,"['In', 'feathering', 'paddle-wheels']","[('In', 'IN'), ('feathering', 'VBG'), ('paddle-wheels', 'NNS')]",0,"['ADP', 'VERB', 'NOUN', 'PUNCT', 'NOUN']",[],0,0,5,0,1
US16861A,1857-03-17,And geo ,"['And', 'geo']","[('And', 'CC'), ('geo', 'NN')]",0,"['CCONJ', 'VERB']",[],0,0,2,0,1
US16953A,1857-03-31,As trustee for certain purposes ,"['As', 'trustee', 'for', 'certain', 'purposes']","[('As', 'IN'), ('trustee', 'NN'), ('for', 'IN'), ('certain', 'JJ'), ('purposes', 'NNS')]",0,"['ADP', 'NOUN', 'ADP', 'ADJ', 'NOUN']",[],0,0,5,0,1
US17484A,1857-06-09,And quartering ,"['And', 'quartering']","[('And', 'CC'), ('quartering', 'VBG')]",0,"['CCONJ', 'VERB']",[],0,0,2,0,1
US17609A,1857-06-16,of worcester ,"['of', 'worcester']","[('of', 'IN'), ('worcester', 'NN')]",0,"['ADP', 'NOUN']",[],0,0,2,0,1
US17620A,1857-06-23,The graphic co ,"['The', 'graphic', 'co']","[('The', 'DT'), ('graphic', 'JJ'), ('co', 'NN')]",0,"['DET', 'ADJ', 'NOUN']",[],0,0,3,0,1
US17766A,1857-07-07,And geo ,"['And', 'geo']","[('And', 'CC'), ('geo', 'NN')]",0,"['CCONJ', 'VERB']",[],0,0,2,0,1
US17855A,1857-07-21,of same place ,"['of', 'same', 'place']","[('of', 'IN'), ('same', 'JJ'), ('place', 'NN')]",0,"['ADP', 'ADJ', 'NOUN']",[],0,0,3,0,1
US17934A,1857-08-04,The kecks oe horses fkoivc plies ,"['The', 'kecks', 'oe', 'horses', 'fkoivc', 'plies']","[('The', 'DT'), ('kecks', 'NNS'), ('oe', 'VBP'), ('horses', 'NNS'), ('fkoivc', 'JJ'), ('plies', 'NNS')]",0,"['DET', 'NOUN', 'X', 'NOUN', 'VERB', 'NOUN']",[],0,0,6,0,1
US18234A,1857-09-22,Bearing- for millstone-drivers ,"['Bearing-', 'for', 'millstone-drivers']","[('Bearing-', 'NNP'), ('for', 'IN'), ('millstone-drivers', 'NNS')]",1,"['ADP', 'ADP', 'NOUN', 'PUNCT', 'NOUN']",[],0,0,5,0,1
US18262A,1857-09-22,The graphic co ,"['The', 'graphic', 'co']","[('The', 'DT'), ('graphic', 'JJ'), ('co', 'NN')]",0,"['DET', 'ADJ', 'NOUN']",[],0,0,3,0,1
US18305A,1857-09-29,And milling machine ,"['And', 'milling', 'machine']","[('And', 'CC'), ('milling', 'NN'), ('machine', 'NN')]",0,"['CCONJ', 'VERB', 'NOUN']",[],0,0,3,0,1
US18419A,1857-10-13,String- fastening for sacks ,"['String-', 'fastening', 'for', 'sacks']","[('String-', 'JJ'), ('fastening', 'NN'), ('for', 'IN'), ('sacks', 'NNS')]",0,"['ADP', 'VERB', 'ADP', 'NOUN']",[],0,0,4,0,1
US18436A,1857-10-20,And saml ,"['And', 'saml']","[('And', 'CC'), ('saml', 'NN')]",0,"['CCONJ', 'VERB']",[],0,0,2,0,1
US18497A,1857-10-27,And geo ,"['And', 'geo']","[('And', 'CC'), ('geo', 'NN')]",0,"['CCONJ', 'VERB']",[],0,0,2,0,1
US18506A,1857-10-27,And geo ,"['And', 'geo']","[('And', 'CC'), ('geo', 'NN')]",0,"['CCONJ', 'VERB']",[],0,0,2,0,1
US18838A,1857-12-15,And amos h ,"['And', 'amos', 'h']","[('And', 'CC'), ('amos', 'NN'), ('h', 'NN')]",0,"['CCONJ', 'ADJ', 'NOUN']",[],0,0,3,0,1
US19511A,1858-03-02,And saml ,"['And', 'saml']","[('And', 'CC'), ('saml', 'NN')]",0,"['CCONJ', 'VERB']",[],0,0,2,0,1
US19639A,1858-03-16,The glasses op vault-covers ,"['The', 'glasses', 'op', 'vault-covers']","[('The', 'DT'), ('glasses', 'NNS'), ('op', 'VBP'), ('vault-covers', 'NNS')]",0,"['DET', 'NOUN', 'VERB', 'NOUN', 'PUNCT', 'NOUN']",[],0,0,6,0,1
US19862A,1858-04-06,And levis h ,"['And', 'levis', 'h']","[('And', 'CC'), ('levis', 'NN'), ('h', 'NN')]",0,"['CCONJ', 'ADP', 'NOUN']",[],0,0,3,0,1
US19893A,1858-04-06,Of same place ,"['Of', 'same', 'place']","[('Of', 'IN'), ('same', 'JJ'), ('place', 'NN')]",0,"['ADP', 'ADJ', 'NOUN']",[],0,0,3,0,1
US19977A,1858-04-20,of auburn ,"['of', 'auburn']","[('of', 'IN'), ('auburn', 'NN')]",0,"['ADP', 'NOUN']",[],0,0,2,0,1
US20125A,1858-04-27,of gloucester ,"['of', 'gloucester']","[('of', 'IN'), ('gloucester', 'NN')]",0,"['ADP', 'ADJ']",[],0,0,2,0,1
US20142A,1858-05-04,of new tork ,"['of', 'new', 'tork']","[('of', 'IN'), ('new', 'JJ'), ('tork', 'NN')]",0,"['ADP', 'ADJ', 'NOUN']",[],0,0,3,0,1
US20464A,1858-06-01,The graphic co ,"['The', 'graphic', 'co']","[('The', 'DT'), ('graphic', 'JJ'), ('co', 'NN')]",0,"['DET', 'ADJ', 'NOUN']",[],0,0,3,0,1
US20764A,1858-06-29,of little falls ,"['of', 'little', 'falls']","[('of', 'IN'), ('little', 'JJ'), ('falls', 'NNS')]",0,"['ADP', 'ADJ', 'NOUN']",[],0,0,3,0,1
US20795A,1858-07-06,Of wagons ,"['Of', 'wagons']","[('Of', 'IN'), ('wagons', 'NNS')]",0,"['ADP', 'NOUN']",[],0,0,2,0,1
US20814A,1858-07-06,And coring ,"['And', 'coring']","[('And', 'CC'), ('coring', 'VBG')]",0,"['CCONJ', 'VERB']",[],0,0,2,0,1
US20834A,1858-07-06,of cincinnati ,"['of', 'cincinnati']","[('of', 'IN'), ('cincinnati', 'NN')]",0,"['ADP', 'NOUN']",['GPE'],0,0,2,0,1
US20836A,1858-07-06,Of hannibal ,"['Of', 'hannibal']","[('Of', 'IN'), ('hannibal', 'NN')]",0,"['ADP', 'ADJ']",[],0,0,2,0,1
US21011A,1858-07-27,The graphic co ,"['The', 'graphic', 'co']","[('The', 'DT'), ('graphic', 'JJ'), ('co', 'NN')]",0,"['DET', 'ADJ', 'NOUN']",[],0,0,3,0,1
US21165A,1858-08-10,And thos ,"['And', 'thos']","[('And', 'CC'), ('thos', 'NN')]",0,"['CCONJ', 'NOUN']",[],0,0,2,0,1
US21179A,1858-08-17,The cutters to the spindles of augers ,"['The', 'cutters', 'to', 'the', 'spindles', 'of', 'augers']","[('The', 'DT'), ('cutters', 'NNS'), ('to', 'TO'), ('the', 'DT'), ('spindles', 'NNS'), ('of', 'IN'), ('augers', 'NNS')]",0,"['DET', 'NOUN', 'ADP', 'DET', 'NOUN', 'ADP', 'NOUN']",[],0,0,7,0,1
US21232A,1858-08-17,The graphic co ,"['The', 'graphic', 'co']","[('The', 'DT'), ('graphic', 'JJ'), ('co', 'NN')]",0,"['DET', 'ADJ', 'NOUN']",[],0,0,3,0,1
US21447A,1858-09-07,Of coal-stove ,"['Of', 'coal-stove']","[('Of', 'IN'), ('coal-stove', 'NN')]",0,"['ADP', 'NOUN', 'PUNCT', 'NOUN']",[],0,0,4,0,1
US21566A,1858-09-21,And edw ,"['And', 'edw']","[('And', 'CC'), ('edw', 'VB')]",0,"['CCONJ', 'VERB']",[],0,0,2,0,1
US21608A,1858-09-28,of new tore ,"['of', 'new', 'tore']","[('of', 'IN'), ('new', 'JJ'), ('tore', 'NN')]",0,"['ADP', 'ADJ', 'NOUN']",[],0,0,3,0,1
US22221A,1858-11-30,And geo ,"['And', 'geo']","[('And', 'CC'), ('geo', 'NN')]",0,"['CCONJ', 'VERB']",[],0,0,2,0,1
US22262A,1858-12-07,Of same place ,"['Of', 'same', 'place']","[('Of', 'IN'), ('same', 'JJ'), ('place', 'NN')]",0,"['ADP', 'ADJ', 'NOUN']",[],0,0,3,0,1
US22371A,1858-12-21,Folding- bench ,"['Folding-', 'bench']","[('Folding-', 'NNP'), ('bench', 'NN')]",1,"['ADP', 'NOUN']",[],0,0,2,0,1
US22670A,1859-01-18,of tuoy ,"['of', 'tuoy']","[('of', 'IN'), ('tuoy', 'NN')]",0,"['ADP', 'NOUN']",[],0,0,2,0,1
US22692A,1859-01-25,of tkoy ,"['of', 'tkoy']","[('of', 'IN'), ('tkoy', 'NN')]",0,"['ADP', 'NOUN']",[],0,0,2,0,1
US22773A,1859-02-01,And forging- fluids ,"['And', 'forging-', 'fluids']","[('And', 'CC'), ('forging-', 'JJ'), ('fluids', 'NNS')]",0,"['CCONJ', 'ADJ', 'NOUN']",[],0,0,3,0,1
US22803A,1859-02-01,For grinding and polishing saws ,"['For', 'grinding', 'and', 'polishing', 'saws']","[('For', 'IN'), ('grinding', 'VBG'), ('and', 'CC'), ('polishing', 'VBG'), ('saws', 'NNS')]",0,"['ADP', 'VERB', 'CCONJ', 'VERB', 'NOUN']",[],0,0,5,0,1
US23028A,1859-02-22,of new y ,"['of', 'new', 'y']","[('of', 'IN'), ('new', 'JJ'), ('y', 'NN')]",0,"['ADP', 'ADJ', 'NOUN']",[],0,0,3,0,1
US23265A,1859-03-15,Steering- apparatus ,"['Steering-', 'apparatus']","[('Steering-', 'JJ'), ('apparatus', 'NN')]",0,"['ADP', 'NOUN']",[],0,0,2,0,1
US23332A,1859-03-22,of albany ,"['of', 'albany']","[('of', 'IN'), ('albany', 'NN')]",0,"['ADP', 'NOUN']",[],0,0,2,0,1
US23519A,1859-04-05,of brand ywine ,"['of', 'brand', 'ywine']","[('of', 'IN'), ('brand', 'NN'), ('ywine', 'NN')]",0,"['ADP', 'NOUN', 'NOUN']",[],0,0,3,0,1
US23595A,1859-04-12,Folding- life-boat ,"['Folding-', 'life-boat']","[('Folding-', 'CD'), ('life-boat', 'NN')]",0,"['ADP', 'NOUN', 'PUNCT', 'NOUN']",[],0,0,4,0,1
US23982A,1859-05-10,The graphic co ,"['The', 'graphic', 'co']","[('The', 'DT'), ('graphic', 'JJ'), ('co', 'NN')]",0,"['DET', 'ADJ', 'NOUN']",[],0,0,3,0,1
US24428A,1859-06-14,To himself and f ,"['To', 'himself', 'and', 'f']","[('To', 'TO'), ('himself', 'PRP'), ('and', 'CC'), ('f', 'VB')]",0,"['ADP', 'PRON', 'CCONJ', 'X']",[],0,0,4,0,1
US24820A,1859-07-19,The graphic co ,"['The', 'graphic', 'co']","[('The', 'DT'), ('graphic', 'JJ'), ('co', 'NN')]",0,"['DET', 'ADJ', 'NOUN']",[],0,0,3,0,1
US25118A,1859-08-16,of otttjmwa ,"['of', 'otttjmwa']","[('of', 'IN'), ('otttjmwa', 'NN')]",0,"['ADP', 'NOUN']",[],0,0,2,0,1
US25444A,1859-09-13,And jno ,"['And', 'jno']","[('And', 'CC'), ('jno', 'NN')]",0,"['CCONJ', 'NOUN']",[],0,0,2,0,1
US25769A,1859-10-11,of rochester ,"['of', 'rochester']","[('of', 'IN'), ('rochester', 'NN')]",0,"['ADP', 'NOUN']",[],0,0,2,0,1
US25890A,1859-10-25,a nnttq t ,"['a', 'nnttq', 't']","[('a', 'DT'), ('nnttq', 'JJ'), ('t', 'NN')]",0,"['DET', 'ADJ', 'NOUN']",[],0,0,3,0,1
US25966A,1859-11-01,Converting- reciprocating into rotary motion ,"['Converting-', 'reciprocating', 'into', 'rotary', 'motion']","[('Converting-', 'JJ'), ('reciprocating', 'VBG'), ('into', 'IN'), ('rotary', 'JJ'), ('motion', 'NN')]",0,"['ADP', 'VERB', 'ADP', 'ADJ', 'NOUN']",[],0,0,5,0,1
US26076A,1859-11-15,of washixgtox city ,"['of', 'washixgtox', 'city']","[('of', 'IN'), ('washixgtox', 'JJ'), ('city', 'NN')]",0,"['ADP', 'ADJ', 'NOUN']",[],0,0,3,0,1
US26310A,1859-11-29,And wm ,"['And', 'wm']","[('And', 'CC'), ('wm', 'NN')]",0,"['CCONJ', 'VERB']",[],0,0,2,0,1
US26491A,1859-12-20,of new ,"['of', 'new']","[('of', 'IN'), ('new', 'JJ')]",0,"['ADP', 'ADJ']",[],0,0,2,0,1
US26553A,1859-12-27,The graphic co ,"['The', 'graphic', 'co']","[('The', 'DT'), ('graphic', 'JJ'), ('co', 'NN')]",0,"['DET', 'ADJ', 'NOUN']",[],0,0,3,0,1
US26572A,1859-12-27,of salem ,"['of', 'salem']","[('of', 'IN'), ('salem', 'NN')]",0,"['ADP', 'NOUN']",[],0,0,2,0,1
US26601A,1859-12-27,The graphic co ,"['The', 'graphic', 'co']","[('The', 'DT'), ('graphic', 'JJ'), ('co', 'NN')]",0,"['DET', 'ADJ', 'NOUN']",[],0,0,3,0,1
US26668A,1860-01-03,For carriages and railroad-cars ,"['For', 'carriages', 'and', 'railroad-cars']","[('For', 'IN'), ('carriages', 'NNS'), ('and', 'CC'), ('railroad-cars', 'NNS')]",0,"['ADP', 'NOUN', 'CCONJ', 'NOUN', 'PUNCT', 'NOUN']",[],0,0,6,0,1
US26756A,1860-01-10,of new yobk ,"['of', 'new', 'yobk']","[('of', 'IN'), ('new', 'JJ'), ('yobk', 'NN')]",0,"['ADP', 'ADJ', 'NOUN']",[],0,0,3,0,1
US27217A,1860-02-21,Of city railkoad-cars ,"['Of', 'city', 'railkoad-cars']","[('Of', 'IN'), ('city', 'NN'), ('railkoad-cars', 'NNS')]",0,"['ADP', 'NOUN', 'NOUN', 'PUNCT', 'NOUN']",[],0,0,5,0,1
US27850A,1860-04-10,Of locomotive-engines ,"['Of', 'locomotive-engines']","[('Of', 'IN'), ('locomotive-engines', 'NNS')]",0,"['ADP', 'ADJ', 'PUNCT', 'NOUN']",[],0,0,4,0,1
US29040A,1860-07-03,of brewer ,"['of', 'brewer']","[('of', 'IN'), ('brewer', 'NN')]",0,"['ADP', 'NOUN']",[],0,0,2,0,1
US29214A,1860-07-17,The graphic co ,"['The', 'graphic', 'co']","[('The', 'DT'), ('graphic', 'JJ'), ('co', 'NN')]",0,"['DET', 'ADJ', 'NOUN']",[],0,0,3,0,1
US29820A,1860-08-28,Of richmond ,"['Of', 'richmond']","[('Of', 'IN'), ('richmond', 'NN')]",0,"['ADP', 'ADV']",[],0,0,2,0,1
US29821A,1860-08-28,Of richmond ,"['Of', 'richmond']","[('Of', 'IN'), ('richmond', 'NN')]",0,"['ADP', 'ADV']",[],0,0,2,0,1
US30241A,1860-10-02,of yonkers ,"['of', 'yonkers']","[('of', 'IN'), ('yonkers', 'NNS')]",0,"['ADP', 'NOUN']",[],0,0,2,0,1
US30536A,1860-10-30,The graphic co ,"['The', 'graphic', 'co']","[('The', 'DT'), ('graphic', 'JJ'), ('co', 'NN')]",0,"['DET', 'ADJ', 'NOUN']",[],0,0,3,0,1
US30878A,1860-12-11,And gibbons l ,"['And', 'gibbons', 'l']","[('And', 'CC'), ('gibbons', 'NNS'), ('l', 'VBP')]",0,"['CCONJ', 'NOUN', 'INTJ']",[],0,0,3,0,1
US30906A,1860-12-18,The handle to saws ,"['The', 'handle', 'to', 'saws']","[('The', 'DT'), ('handle', 'NN'), ('to', 'TO'), ('saws', 'VB')]",0,"['DET', 'NOUN', 'ADP', 'NOUN']",[],0,0,4,0,1
US30940A,1860-12-18,For street-railroads ,"['For', 'street-railroads']","[('For', 'IN'), ('street-railroads', 'NNS')]",0,"['ADP', 'NOUN', 'PUNCT', 'NOUN']",[],0,0,4,0,1
US31441A,1861-02-19,And saml ,"['And', 'saml']","[('And', 'CC'), ('saml', 'NN')]",0,"['CCONJ', 'VERB']",[],0,0,2,0,1
US31647A,1861-03-05,of cohoes ,"['of', 'cohoes']","[('of', 'IN'), ('cohoes', 'NNS')]",0,"['ADP', 'NOUN']",[],0,0,2,0,1
US31835A,1861-03-26,of worcester ,"['of', 'worcester']","[('of', 'IN'), ('worcester', 'NN')]",0,"['ADP', 'NOUN']",[],0,0,2,0,1
US31840A,1861-03-26,The seconds-hand in stop-watches ,"['The', 'seconds-hand', 'in', 'stop-watches']","[('The', 'DT'), ('seconds-hand', 'NN'), ('in', 'IN'), ('stop-watches', 'NNS')]",0,"['DET', 'NOUN', 'PUNCT', 'NOUN', 'ADP', 'NOUN', 'PUNCT', 'X']",['TIME'],0,0,8,0,1
US32780A,1861-07-09,Steering- apparatus ,"['Steering-', 'apparatus']","[('Steering-', 'JJ'), ('apparatus', 'NN')]",0,"['ADP', 'NOUN']",[],0,0,2,0,1
US32917A,1861-07-23,Of operating valves of steam-engines ,"['Of', 'operating', 'valves', 'of', 'steam-engines']","[('Of', 'IN'), ('operating', 'VBG'), ('valves', 'NNS'), ('of', 'IN'), ('steam-engines', 'NNS')]",0,"['ADP', 'NOUN', 'NOUN', 'ADP', 'NOUN', 'PUNCT', 'NOUN']",[],0,0,7,0,1
US33122A,1861-08-20,And alexander millar ,"['And', 'alexander', 'millar']","[('And', 'CC'), ('alexander', 'VB'), ('millar', 'NN')]",0,"['CCONJ', 'NOUN', 'ADJ']",[],0,0,3,0,1
US34342A,1862-02-11,Of cakbxages ,"['Of', 'cakbxages']","[('Of', 'IN'), ('cakbxages', 'NNS')]",0,"['ADP', 'NOUN']",[],0,0,2,0,1
US34725A,1862-03-18,of new toeevh ,"['of', 'new', 'toeevh']","[('of', 'IN'), ('new', 'JJ'), ('toeevh', 'NN')]",0,"['ADP', 'ADJ', 'NOUN']",[],0,0,3,0,1
US35287A,1862-05-20,The nortw ,"['The', 'nortw']","[('The', 'DT'), ('nortw', 'NN')]",0,"['DET', 'NOUN']",[],0,0,2,0,1
US35420A,1862-05-27,And bdwaed joslin ,"['And', 'bdwaed', 'joslin']","[('And', 'CC'), ('bdwaed', 'NN'), ('joslin', 'NN')]",0,"['CCONJ', 'VERB', 'NOUN']",[],0,0,3,0,1
US35577A,1862-06-17,Of new yoek ,"['Of', 'new', 'yoek']","[('Of', 'IN'), ('new', 'JJ'), ('yoek', 'NN')]",0,"['ADP', 'ADJ', 'NOUN']",[],0,0,3,0,1
US35618A,1862-06-17,In securing bits in braces ,"['In', 'securing', 'bits', 'in', 'braces']","[('In', 'IN'), ('securing', 'VBG'), ('bits', 'NNS'), ('in', 'IN'), ('braces', 'NNS')]",0,"['ADP', 'VERB', 'NOUN', 'ADP', 'NOUN']",[],0,0,5,0,1
US36000A,1862-07-29,And wm ,"['And', 'wm']","[('And', 'CC'), ('wm', 'NN')]",0,"['CCONJ', 'VERB']",[],0,0,2,0,1
US36495A,1862-09-16,The hor ,"['The', 'hor']","[('The', 'DT'), ('hor', 'NN')]",0,"['DET', 'NOUN']",[],0,0,2,0,1
US37199A,1862-12-16,of hudson ,"['of', 'hudson']","[('of', 'IN'), ('hudson', 'NN')]",0,"['ADP', 'NOUN']",[],0,0,2,0,1
US39124A,1863-07-07,Of pro ,"['Of', 'pro']","[('Of', 'IN'), ('pro', 'JJ')]",0,"['ADP', 'ADJ']",[],0,0,2,0,1
US39516A,1863-08-11,In equalizing draft in  horse-powers ,"['In', 'equalizing', 'draft', 'in', 'horse-powers']","[('In', 'IN'), ('equalizing', 'VBG'), ('draft', 'NN'), ('in', 'IN'), ('horse-powers', 'NNS')]",0,"['ADP', 'VERB', 'NOUN', 'ADP', 'SPACE', 'NOUN', 'PUNCT', 'NOUN']",[],0,0,8,0,1
US40790A,1863-12-01,a tltc p a t ,"['a', 'tltc', 'p', 'a', 't']","[('a', 'DT'), ('tltc', 'NN'), ('p', 'NN'), ('a', 'DT'), ('t', 'NN')]",0,"['DET', 'ADJ', 'NOUN', 'DET', 'NOUN']",[],0,0,5,0,1
US40880A,1863-12-08,The norftis peters l ,"['The', 'norftis', 'peters', 'l']","[('The', 'DT'), ('norftis', 'NN'), ('peters', 'NNS'), ('l', 'VBP')]",0,"['DET', 'NOUN', 'NOUN', 'ADV']",[],0,0,4,0,1
US41167A,1864-01-05,The parts ,"['The', 'parts']","[('The', 'DT'), ('parts', 'NNS')]",0,"['DET', 'NOUN']",[],0,0,2,0,1
US43469A,1864-07-12,And solon dike ,"['And', 'solon', 'dike']","[('And', 'CC'), ('solon', 'NN'), ('dike', 'NN')]",0,"['CCONJ', 'NOUN', 'NOUN']",[],0,0,3,0,1
US43676A,1864-08-02,In key fasteners ,"['In', 'key', 'fasteners']","[('In', 'IN'), ('key', 'JJ'), ('fasteners', 'NNS')]",0,"['ADP', 'ADJ', 'NOUN']",[],0,0,3,0,1
US44011A,1864-08-30,of buffalo ,"['of', 'buffalo']","[('of', 'IN'), ('buffalo', 'NN')]",0,"['ADP', 'NOUN']",[],0,0,2,0,1
US44270A,1864-09-13,The heuotypspeistjsoco  ,"['The', 'heuotypspeistjsoco']","[('The', 'DT'), ('heuotypspeistjsoco', 'NN')]",0,"['DET', 'NOUN', 'SPACE']",[],0,0,3,0,1
US44791A,1864-10-25,And geoege f ,"['And', 'geoege', 'f']","[('And', 'CC'), ('geoege', 'NN'), ('f', 'NN')]",0,"['CCONJ', 'VERB', 'X']",[],0,0,3,0,1
US46233A,1865-02-07,of new yoke ,"['of', 'new', 'yoke']","[('of', 'IN'), ('new', 'JJ'), ('yoke', 'NN')]",0,"['ADP', 'ADJ', 'NOUN']",[],0,0,3,0,1
US46358A,1865-02-14,-james b ,"['-james', 'b']","[('-james', 'NNS'), ('b', 'VBP')]",0,"['CCONJ', 'X']",[],0,0,2,0,1
US47371A,1865-04-18,Of same place ,"['Of', 'same', 'place']","[('Of', 'IN'), ('same', 'JJ'), ('place', 'NN')]",0,"['ADP', 'ADJ', 'NOUN']",[],0,0,3,0,1
US48149A,1865-06-13,And stringing ,"['And', 'stringing']","[('And', 'CC'), ('stringing', 'VBG')]",0,"['CCONJ', 'VERB']",[],0,0,2,0,1
US48157A,1865-06-13,The graphic co ,"['The', 'graphic', 'co']","[('The', 'DT'), ('graphic', 'JJ'), ('co', 'NN')]",0,"['DET', 'ADJ', 'NOUN']",[],0,0,3,0,1
US48553A,1865-07-04,In railway-cars ,"['In', 'railway-cars']","[('In', 'IN'), ('railway-cars', 'NNS')]",0,"['ADP', 'NOUN', 'PUNCT', 'NOUN']",[],0,0,4,0,1
US49902A,1865-09-12,The graphic co ,"['The', 'graphic', 'co']","[('The', 'DT'), ('graphic', 'JJ'), ('co', 'NN')]",0,"['DET', 'ADJ', 'NOUN']",[],0,0,3,0,1
US51882A,1866-01-02,of lyons ,"['of', 'lyons']","[('of', 'IN'), ('lyons', 'NNS')]",0,"['ADP', 'NOUN']",[],0,0,2,0,1
US53961A,1866-04-17,k eagle ,"['k', 'eagle']","[('k', 'NN'), ('eagle', 'NN')]",0,"['DET', 'VERB']",[],0,0,2,0,1
US56903A,1866-08-07,And heney j ,"['And', 'heney', 'j']","[('And', 'CC'), ('heney', 'NN'), ('j', 'NN')]",0,"['CCONJ', 'VERB', 'NOUN']",[],0,0,3,0,1
US57706A,1866-09-04,of ilion ,"['of', 'ilion']","[('of', 'IN'), ('ilion', 'NN')]",0,"['ADP', 'NOUN']",[],0,0,2,0,1
US59763A,1866-11-20,To all whom ,"['To', 'all', 'whom']","[('To', 'TO'), ('all', 'DT'), ('whom', 'WP')]",0,"['ADP', 'PRON', 'PRON']",[],0,0,3,0,1
US59957A,1866-11-27,And be-enpobcfflg button-holes ,"['And', 'be-enpobcfflg', 'button-holes']","[('And', 'CC'), ('be-enpobcfflg', 'JJ'), ('button-holes', 'NNS')]",0,"['CCONJ', 'AUX', 'PUNCT', 'ADJ', 'NOUN', 'PUNCT', 'NOUN']",[],0,0,7,0,1
US60013A,1866-11-27,To all whom it may concern ,"['To', 'all', 'whom', 'it', 'may', 'concern']","[('To', 'TO'), ('all', 'DT'), ('whom', 'WP'), ('it', 'PRP'), ('may', 'MD'), ('concern', 'NN')]",0,"['ADP', 'PRON', 'PRON', 'PRON', 'AUX', 'VERB']",[],0,0,6,0,1
US60047A,1866-11-27,To all whom it may concern ,"['To', 'all', 'whom', 'it', 'may', 'concern']","[('To', 'TO'), ('all', 'DT'), ('whom', 'WP'), ('it', 'PRP'), ('may', 'MD'), ('concern', 'NN')]",0,"['ADP', 'PRON', 'PRON', 'PRON', 'AUX', 'VERB']",[],0,0,6,0,1
US60091A,1866-11-27,To all whom it may ,"['To', 'all', 'whom', 'it', 'may']","[('To', 'TO'), ('all', 'DT'), ('whom', 'WP'), ('it', 'PRP'), ('may', 'MD')]",0,"['ADP', 'PRON', 'PRON', 'PRON', 'AUX']",[],0,0,5,0,1
US60163A,1866-12-04,To all whom it mat concern ,"['To', 'all', 'whom', 'it', 'mat', 'concern']","[('To', 'TO'), ('all', 'DT'), ('whom', 'WP'), ('it', 'PRP'), ('mat', 'VBZ'), ('concern', 'NN')]",0,"['ADP', 'PRON', 'PRON', 'PRON', 'NOUN', 'NOUN']",[],0,0,6,0,1
US60236A,1866-12-04,To all whom it may concern ,"['To', 'all', 'whom', 'it', 'may', 'concern']","[('To', 'TO'), ('all', 'DT'), ('whom', 'WP'), ('it', 'PRP'), ('may', 'MD'), ('concern', 'NN')]",0,"['ADP', 'PRON', 'PRON', 'PRON', 'AUX', 'VERB']",[],0,0,6,0,1
US60285A,1866-12-04,To all whom it may concern ,"['To', 'all', 'whom', 'it', 'may', 'concern']","[('To', 'TO'), ('all', 'DT'), ('whom', 'WP'), ('it', 'PRP'), ('may', 'MD'), ('concern', 'NN')]",0,"['ADP', 'PRON', 'PRON', 'PRON', 'AUX', 'VERB']",[],0,0,6,0,1
US60346A,1866-12-11,To all whom it may concern ,"['To', 'all', 'whom', 'it', 'may', 'concern']","[('To', 'TO'), ('all', 'DT'), ('whom', 'WP'), ('it', 'PRP'), ('may', 'MD'), ('concern', 'NN')]",0,"['ADP', 'PRON', 'PRON', 'PRON', 'AUX', 'VERB']",[],0,0,6,0,1
US60528A,1866-12-18,To all whom it mat concern ,"['To', 'all', 'whom', 'it', 'mat', 'concern']","[('To', 'TO'), ('all', 'DT'), ('whom', 'WP'), ('it', 'PRP'), ('mat', 'VBZ'), ('concern', 'NN')]",0,"['ADP', 'PRON', 'PRON', 'PRON', 'NOUN', 'NOUN']",[],0,0,6,0,1
US60751A,1867-01-01,The graphic co ,"['The', 'graphic', 'co']","[('The', 'DT'), ('graphic', 'JJ'), ('co', 'NN')]",0,"['DET', 'ADJ', 'NOUN']",[],0,0,3,0,1
US60811A,1867-01-01,To all whom it may concern ,"['To', 'all', 'whom', 'it', 'may', 'concern']","[('To', 'TO'), ('all', 'DT'), ('whom', 'WP'), ('it', 'PRP'), ('may', 'MD'), ('concern', 'NN')]",0,"['ADP', 'PRON', 'PRON', 'PRON', 'AUX', 'VERB']",[],0,0,6,0,1
US60827A,1867-01-01,of white oak ,"['of', 'white', 'oak']","[('of', 'IN'), ('white', 'JJ'), ('oak', 'NN')]",0,"['ADP', 'ADJ', 'NOUN']",[],0,0,3,0,1
US60880A,1867-01-01,And cocking hat ,"['And', 'cocking', 'hat']","[('And', 'CC'), ('cocking', 'VBG'), ('hat', 'NN')]",0,"['CCONJ', 'VERB', 'NOUN']",[],0,0,3,0,1
US60941A,1867-01-01,Of columbus ,"['Of', 'columbus']","[('Of', 'IN'), ('columbus', 'NN')]",0,"['ADP', 'NOUN']",[],0,0,2,0,1
US61025A,1867-01-08,To all whom it may concern ,"['To', 'all', 'whom', 'it', 'may', 'concern']","[('To', 'TO'), ('all', 'DT'), ('whom', 'WP'), ('it', 'PRP'), ('may', 'MD'), ('concern', 'NN')]",0,"['ADP', 'PRON', 'PRON', 'PRON', 'AUX', 'VERB']",[],0,0,6,0,1
US61071A,1867-01-08,Of rising x s sun ,"['Of', 'rising', 'x', 's', 'sun']","[('Of', 'IN'), ('rising', 'VBG'), ('x', 'NNP'), ('s', 'JJ'), ('sun', 'NN')]",1,"['ADP', 'VERB', 'SYM', 'NOUN', 'NOUN']",[],0,0,5,0,1
US61107A,1867-01-08,of hikam ,"['of', 'hikam']","[('of', 'IN'), ('hikam', 'NN')]",0,"['ADP', 'NOUN']",[],0,0,2,0,1
US61171A,1867-01-15,de fobest ,"['de', 'fobest']","[('de', 'IN'), ('fobest', 'JJS')]",0,"['ADP', 'ADJ']",[],0,0,2,0,1
US61249A,1867-01-15,To all whom it mat concern ,"['To', 'all', 'whom', 'it', 'mat', 'concern']","[('To', 'TO'), ('all', 'DT'), ('whom', 'WP'), ('it', 'PRP'), ('mat', 'VBZ'), ('concern', 'NN')]",0,"['ADP', 'PRON', 'PRON', 'PRON', 'NOUN', 'NOUN']",[],0,0,6,0,1
US61262A,1867-01-15,of cincinnati ,"['of', 'cincinnati']","[('of', 'IN'), ('cincinnati', 'NN')]",0,"['ADP', 'NOUN']",['GPE'],0,0,2,0,1
US61497A,1867-01-22,To all whom it ,"['To', 'all', 'whom', 'it']","[('To', 'TO'), ('all', 'DT'), ('whom', 'WP'), ('it', 'PRP')]",0,"['ADP', 'DET', 'PRON', 'PRON']",[],0,0,4,0,1
US61548A,1867-01-29,To all whom it mat concern ,"['To', 'all', 'whom', 'it', 'mat', 'concern']","[('To', 'TO'), ('all', 'DT'), ('whom', 'WP'), ('it', 'PRP'), ('mat', 'VBZ'), ('concern', 'NN')]",0,"['ADP', 'PRON', 'PRON', 'PRON', 'NOUN', 'NOUN']",[],0,0,6,0,1
US61562A,1867-01-29,of lattba ,"['of', 'lattba']","[('of', 'IN'), ('lattba', 'NN')]",0,"['ADP', 'NOUN']",[],0,0,2,0,1
US61606A,1867-01-29,bu r-bid gre ,"['bu', 'r-bid', 'gre']","[('bu', 'JJ'), ('r-bid', 'NN'), ('gre', 'NN')]",0,"['ADP', 'NOUN', 'PUNCT', 'NOUN', 'NOUN']",[],0,0,5,0,1
US61646A,1867-01-29,And leonaed atwood ,"['And', 'leonaed', 'atwood']","[('And', 'CC'), ('leonaed', 'VB'), ('atwood', 'NN')]",0,"['CCONJ', 'ADJ', 'NOUN']",[],0,0,3,0,1
US61673A,1867-01-29,of b-kooklyn ,"['of', 'b-kooklyn']","[('of', 'IN'), ('b-kooklyn', 'NN')]",0,"['ADP', 'X', 'PUNCT', 'NOUN']",[],0,0,4,0,1
US61703A,1867-02-05,of manchester ,"['of', 'manchester']","[('of', 'IN'), ('manchester', 'NN')]",0,"['ADP', 'NOUN']",[],0,0,2,0,1
US61730A,1867-02-05,To all whom it mat concern ,"['To', 'all', 'whom', 'it', 'mat', 'concern']","[('To', 'TO'), ('all', 'DT'), ('whom', 'WP'), ('it', 'PRP'), ('mat', 'VBZ'), ('concern', 'NN')]",0,"['ADP', 'PRON', 'PRON', 'PRON', 'NOUN', 'NOUN']",[],0,0,6,0,1
US61755A,1867-02-05,of decattte ,"['of', 'decattte']","[('of', 'IN'), ('decattte', 'NN')]",0,"['ADP', 'NOUN']",[],0,0,2,0,1
US61765A,1867-02-05,of liberty ,"['of', 'liberty']","[('of', 'IN'), ('liberty', 'NN')]",0,"['ADP', 'NOUN']",[],0,0,2,0,1
US61801A,1867-02-05,A l e n a ,"['A', 'l', 'e', 'n', 'a']","[('A', 'DT'), ('l', 'NN'), ('e', 'NN'), ('n', 'VBZ'), ('a', 'DT')]",0,"['DET', 'NOUN', 'NOUN', 'CCONJ', 'PRON']",['CARDINAL'],0,0,5,0,1
US61825A,1867-02-05,To all whom it may concern ,"['To', 'all', 'whom', 'it', 'may', 'concern']","[('To', 'TO'), ('all', 'DT'), ('whom', 'WP'), ('it', 'PRP'), ('may', 'MD'), ('concern', 'NN')]",0,"['ADP', 'PRON', 'PRON', 'PRON', 'AUX', 'VERB']",[],0,0,6,0,1
US61940A,1867-02-12,To all whom it may concern ,"['To', 'all', 'whom', 'it', 'may', 'concern']","[('To', 'TO'), ('all', 'DT'), ('whom', 'WP'), ('it', 'PRP'), ('may', 'MD'), ('concern', 'NN')]",0,"['ADP', 'PRON', 'PRON', 'PRON', 'AUX', 'VERB']",[],0,0,6,0,1
US61966A,1867-02-12,To all whom it may concern ,"['To', 'all', 'whom', 'it', 'may', 'concern']","[('To', 'TO'), ('all', 'DT'), ('whom', 'WP'), ('it', 'PRP'), ('may', 'MD'), ('concern', 'NN')]",0,"['ADP', 'PRON', 'PRON', 'PRON', 'AUX', 'VERB']",[],0,0,6,0,1
US62041A,1867-02-12,The graphic co ,"['The', 'graphic', 'co']","[('The', 'DT'), ('graphic', 'JJ'), ('co', 'NN')]",0,"['DET', 'ADJ', 'NOUN']",[],0,0,3,0,1
US62061A,1867-02-12,of lansing ,"['of', 'lansing']","[('of', 'IN'), ('lansing', 'VBG')]",0,"['ADP', 'VERB']",[],0,0,2,0,1
US62151A,1867-02-19,of independence ,"['of', 'independence']","[('of', 'IN'), ('independence', 'NN')]",0,"['ADP', 'NOUN']",[],0,0,2,0,1
US62211A,1867-02-19,of wheatland ,"['of', 'wheatland']","[('of', 'IN'), ('wheatland', 'NN')]",0,"['ADP', 'NOUN']",[],0,0,2,0,1
US62366A,1867-02-26,Of springfield ,"['Of', 'springfield']","[('Of', 'IN'), ('springfield', 'NN')]",0,"['ADP', 'NOUN']",[],0,0,2,0,1
US62373A,1867-02-26,of concord ,"['of', 'concord']","[('of', 'IN'), ('concord', 'NN')]",0,"['ADP', 'NOUN']",['ORG'],0,0,2,0,1
US62445A,1867-02-26,To all wllom it may concern ,"['To', 'all', 'wllom', 'it', 'may', 'concern']","[('To', 'TO'), ('all', 'DT'), ('wllom', 'NNS'), ('it', 'PRP'), ('may', 'MD'), ('concern', 'NN')]",0,"['ADP', 'DET', 'NOUN', 'PRON', 'AUX', 'VERB']",[],0,0,6,0,1
US62551A,1867-03-05,To all whom it may concern ,"['To', 'all', 'whom', 'it', 'may', 'concern']","[('To', 'TO'), ('all', 'DT'), ('whom', 'WP'), ('it', 'PRP'), ('may', 'MD'), ('concern', 'NN')]",0,"['ADP', 'PRON', 'PRON', 'PRON', 'AUX', 'VERB']",[],0,0,6,0,1
US62611A,1867-03-05,And albert m ,"['And', 'albert', 'm']","[('And', 'CC'), ('albert', 'VB'), ('m', 'NN')]",0,"['CCONJ', 'VERB', 'VERB']",[],0,0,3,0,1
US62692A,1867-03-05,To all whom it may concern ,"['To', 'all', 'whom', 'it', 'may', 'concern']","[('To', 'TO'), ('all', 'DT'), ('whom', 'WP'), ('it', 'PRP'), ('may', 'MD'), ('concern', 'NN')]",0,"['ADP', 'PRON', 'PRON', 'PRON', 'AUX', 'VERB']",[],0,0,6,0,1
US62756A,1867-03-12,of gkanyille cqeners ,"['of', 'gkanyille', 'cqeners']","[('of', 'IN'), ('gkanyille', 'NN'), ('cqeners', 'NNS')]",0,"['ADP', 'NOUN', 'NOUN']",[],0,0,3,0,1
US62787A,1867-03-12,And cyrus h ,"['And', 'cyrus', 'h']","[('And', 'CC'), ('cyrus', 'NN'), ('h', 'NN')]",0,"['CCONJ', 'VERB', 'NOUN']",[],0,0,3,0,1
US62814A,1867-03-12,To all whom it may concern ,"['To', 'all', 'whom', 'it', 'may', 'concern']","[('To', 'TO'), ('all', 'DT'), ('whom', 'WP'), ('it', 'PRP'), ('may', 'MD'), ('concern', 'NN')]",0,"['ADP', 'PRON', 'PRON', 'PRON', 'AUX', 'VERB']",[],0,0,6,0,1
US62972A,1867-03-19,of lafayette ,"['of', 'lafayette']","[('of', 'IN'), ('lafayette', 'NN')]",0,"['ADP', 'NOUN']",[],0,0,2,0,1
US62992A,1867-03-19,An son a ,"['An', 'son', 'a']","[('An', 'DT'), ('son', 'NN'), ('a', 'DT')]",0,"['DET', 'NOUN', 'PRON']",[],0,0,3,0,1
US63034A,1867-03-19,The graphic co ,"['The', 'graphic', 'co']","[('The', 'DT'), ('graphic', 'JJ'), ('co', 'NN')]",0,"['DET', 'ADJ', 'NOUN']",[],0,0,3,0,1
US63142A,1867-03-26,The graphic co ,"['The', 'graphic', 'co']","[('The', 'DT'), ('graphic', 'JJ'), ('co', 'NN')]",0,"['DET', 'ADJ', 'NOUN']",[],0,0,3,0,1
US63288A,1867-03-26,of lynn ,"['of', 'lynn']","[('of', 'IN'), ('lynn', 'NN')]",0,"['ADP', 'NOUN']",[],0,0,2,0,1
US63362A,1867-04-02,To all whom it may concern ,"['To', 'all', 'whom', 'it', 'may', 'concern']","[('To', 'TO'), ('all', 'DT'), ('whom', 'WP'), ('it', 'PRP'), ('may', 'MD'), ('concern', 'NN')]",0,"['ADP', 'PRON', 'PRON', 'PRON', 'AUX', 'VERB']",[],0,0,6,0,1
US63602A,1867-04-02,Of honeoye falls ,"['Of', 'honeoye', 'falls']","[('Of', 'IN'), ('honeoye', 'NN'), ('falls', 'NNS')]",0,"['ADP', 'NOUN', 'VERB']",[],0,0,3,0,1
US63618A,1867-04-09,To all whom it mat concern ,"['To', 'all', 'whom', 'it', 'mat', 'concern']","[('To', 'TO'), ('all', 'DT'), ('whom', 'WP'), ('it', 'PRP'), ('mat', 'VBZ'), ('concern', 'NN')]",0,"['ADP', 'PRON', 'PRON', 'PRON', 'NOUN', 'NOUN']",[],0,0,6,0,1
US63678A,1867-04-09,And christopher cory ,"['And', 'christopher', 'cory']","[('And', 'CC'), ('christopher', 'PRP'), ('cory', 'NN')]",0,"['CCONJ', 'NOUN', 'NOUN']",[],0,0,3,0,1
US63797A,1867-04-16,of watkins ,"['of', 'watkins']","[('of', 'IN'), ('watkins', 'NNS')]",0,"['ADP', 'NOUN']",[],0,0,2,0,1
US63832A,1867-04-16,And pulping fibeous mateeial ,"['And', 'pulping', 'fibeous', 'mateeial']","[('And', 'CC'), ('pulping', 'VBG'), ('fibeous', 'JJ'), ('mateeial', 'NN')]",0,"['CCONJ', 'VERB', 'ADJ', 'NOUN']",[],0,0,4,0,1
US63873A,1867-04-16,To all whom it mai conoeen ,"['To', 'all', 'whom', 'it', 'mai', 'conoeen']","[('To', 'TO'), ('all', 'DT'), ('whom', 'WP'), ('it', 'PRP'), ('mai', 'VBD'), ('conoeen', 'JJ')]",0,"['ADP', 'PRON', 'PRON', 'PRON', 'VERB', 'VERB']",[],0,0,6,0,1
US63898A,1867-04-16,To all whom it may concern ,"['To', 'all', 'whom', 'it', 'may', 'concern']","[('To', 'TO'), ('all', 'DT'), ('whom', 'WP'), ('it', 'PRP'), ('may', 'MD'), ('concern', 'NN')]",0,"['ADP', 'PRON', 'PRON', 'PRON', 'AUX', 'VERB']",[],0,0,6,0,1
US64013A,1867-04-23,of north brookfield ,"['of', 'north', 'brookfield']","[('of', 'IN'), ('north', 'JJ'), ('brookfield', 'NN')]",0,"['ADP', 'NOUN', 'NOUN']",[],0,0,3,0,1
US64129A,1867-04-23,To all whom it may concern ,"['To', 'all', 'whom', 'it', 'may', 'concern']","[('To', 'TO'), ('all', 'DT'), ('whom', 'WP'), ('it', 'PRP'), ('may', 'MD'), ('concern', 'NN')]",0,"['ADP', 'PRON', 'PRON', 'PRON', 'AUX', 'VERB']",[],0,0,6,0,1
US64157A,1867-04-23,To all whom it mat concern ,"['To', 'all', 'whom', 'it', 'mat', 'concern']","[('To', 'TO'), ('all', 'DT'), ('whom', 'WP'), ('it', 'PRP'), ('mat', 'VBZ'), ('concern', 'NN')]",0,"['ADP', 'PRON', 'PRON', 'PRON', 'NOUN', 'NOUN']",[],0,0,6,0,1
US64185A,1867-04-30,The graphic co ,"['The', 'graphic', 'co']","[('The', 'DT'), ('graphic', 'JJ'), ('co', 'NN')]",0,"['DET', 'ADJ', 'NOUN']",[],0,0,3,0,1
US64364A,1867-04-30,of worcester ,"['of', 'worcester']","[('of', 'IN'), ('worcester', 'NN')]",0,"['ADP', 'NOUN']",[],0,0,2,0,1
US64391A,1867-04-30,To all whom it may concern ,"['To', 'all', 'whom', 'it', 'may', 'concern']","[('To', 'TO'), ('all', 'DT'), ('whom', 'WP'), ('it', 'PRP'), ('may', 'MD'), ('concern', 'NN')]",0,"['ADP', 'PRON', 'PRON', 'PRON', 'AUX', 'VERB']",[],0,0,6,0,1
US64447A,1867-05-07,of worcester ,"['of', 'worcester']","[('of', 'IN'), ('worcester', 'NN')]",0,"['ADP', 'NOUN']",[],0,0,2,0,1
US64510A,1867-05-07,The graphic co ,"['The', 'graphic', 'co']","[('The', 'DT'), ('graphic', 'JJ'), ('co', 'NN')]",0,"['DET', 'ADJ', 'NOUN']",[],0,0,3,0,1
US64543A,1867-05-07,of new yobk ,"['of', 'new', 'yobk']","[('of', 'IN'), ('new', 'JJ'), ('yobk', 'NN')]",0,"['ADP', 'ADJ', 'NOUN']",[],0,0,3,0,1
US64707A,1867-05-14,J a cob reedy ,"['J', 'a', 'cob', 'reedy']","[('J', 'NNP'), ('a', 'DT'), ('cob', 'NN'), ('reedy', 'NN')]",1,"['DET', 'DET', 'NOUN', 'NOUN']",[],0,0,4,0,1
US65054A,1867-05-28,The graphic co ,"['The', 'graphic', 'co']","[('The', 'DT'), ('graphic', 'JJ'), ('co', 'NN')]",0,"['DET', 'ADJ', 'NOUN']",[],0,0,3,0,1
US65157A,1867-05-28,A simm ,"['A', 'simm']","[('A', 'DT'), ('simm', 'NN')]",0,"['DET', 'NOUN']",[],0,0,2,0,1
US65172A,1867-05-28,To all whom it may concern ,"['To', 'all', 'whom', 'it', 'may', 'concern']","[('To', 'TO'), ('all', 'DT'), ('whom', 'WP'), ('it', 'PRP'), ('may', 'MD'), ('concern', 'NN')]",0,"['ADP', 'PRON', 'PRON', 'PRON', 'AUX', 'VERB']",[],0,0,6,0,1
US65237A,1867-05-28,of nassau ,"['of', 'nassau']","[('of', 'IN'), ('nassau', 'NN')]",0,"['ADP', 'NOUN']",[],0,0,2,0,1
US65614A,1867-06-11,En sealer ,"['En', 'sealer']","[('En', 'NNP'), ('sealer', 'NN')]",1,"['ADP', 'NOUN']",[],0,0,2,0,1
US65617A,1867-06-11,A mbrose tower ,"['A', 'mbrose', 'tower']","[('A', 'DT'), ('mbrose', 'NN'), ('tower', 'NN')]",0,"['DET', 'NOUN', 'NOUN']",[],0,0,3,0,1
US65712A,1867-06-11,The graphic co ,"['The', 'graphic', 'co']","[('The', 'DT'), ('graphic', 'JJ'), ('co', 'NN')]",0,"['DET', 'ADJ', 'NOUN']",[],0,0,3,0,1
US65714A,1867-06-11,Of pine village ,"['Of', 'pine', 'village']","[('Of', 'IN'), ('pine', 'JJ'), ('village', 'NN')]",0,"['ADP', 'ADJ', 'NOUN']",[],0,0,3,0,1
US65836A,1867-06-18,Dayid saunderson ,"['Dayid', 'saunderson']","[('Dayid', 'NNP'), ('saunderson', 'NN')]",1,"['DET', 'NOUN']",[],0,0,2,0,1
US65907A,1867-06-18,of victor ,"['of', 'victor']","[('of', 'IN'), ('victor', 'NN')]",0,"['ADP', 'NOUN']",[],0,0,2,0,1
US65945A,1867-06-18,The nqbrls peters co ,"['The', 'nqbrls', 'peters', 'co']","[('The', 'DT'), ('nqbrls', 'JJ'), ('peters', 'NNS'), ('co', 'VBP')]",0,"['DET', 'NOUN', 'NOUN', 'VERB']",[],0,0,4,0,1
US65975A,1867-06-18,To whom it ,"['To', 'whom', 'it']","[('To', 'TO'), ('whom', 'WP'), ('it', 'PRP')]",0,"['ADP', 'PRON', 'PRON']",[],0,0,3,0,1
US66532A,1867-07-09,The eckert ut ,"['The', 'eckert', 'ut']","[('The', 'DT'), ('eckert', 'NN'), ('ut', 'NN')]",0,"['DET', 'NOUN', 'INTJ']",[],0,0,3,0,1
US66663A,1867-07-09,To all whom it may concern ,"['To', 'all', 'whom', 'it', 'may', 'concern']","[('To', 'TO'), ('all', 'DT'), ('whom', 'WP'), ('it', 'PRP'), ('may', 'MD'), ('concern', 'NN')]",0,"['ADP', 'PRON', 'PRON', 'PRON', 'AUX', 'VERB']",[],0,0,6,0,1
US66781A,1867-07-16,The oraphic co ,"['The', 'oraphic', 'co']","[('The', 'DT'), ('oraphic', 'JJ'), ('co', 'NN')]",0,"['DET', 'ADJ', 'NOUN']",[],0,0,3,0,1
US66967A,1867-07-23,The graphic co ,"['The', 'graphic', 'co']","[('The', 'DT'), ('graphic', 'JJ'), ('co', 'NN')]",0,"['DET', 'ADJ', 'NOUN']",[],0,0,3,0,1
US67055A,1867-07-23,To all whom it may concern ,"['To', 'all', 'whom', 'it', 'may', 'concern']","[('To', 'TO'), ('all', 'DT'), ('whom', 'WP'), ('it', 'PRP'), ('may', 'MD'), ('concern', 'NN')]",0,"['ADP', 'PRON', 'PRON', 'PRON', 'AUX', 'VERB']",[],0,0,6,0,1
US67071A,1867-07-23,To himself ,"['To', 'himself']","[('To', 'TO'), ('himself', 'PRP')]",0,"['ADP', 'PRON']",[],0,0,2,0,1
US67073A,1867-07-23,The graphic co ,"['The', 'graphic', 'co']","[('The', 'DT'), ('graphic', 'JJ'), ('co', 'NN')]",0,"['DET', 'ADJ', 'NOUN']",[],0,0,3,0,1
US67291A,1867-07-30,of rochester ,"['of', 'rochester']","[('of', 'IN'), ('rochester', 'NN')]",0,"['ADP', 'NOUN']",[],0,0,2,0,1
US67301A,1867-07-30,of pont i ac ,"['of', 'pont', 'i', 'ac']","[('of', 'IN'), ('pont', 'NN'), ('i', 'NN'), ('ac', 'VBP')]",0,"['ADP', 'NOUN', 'PRON', 'VERB']",[],0,0,4,0,1
US67350A,1867-07-30,Of glasgow ,"['Of', 'glasgow']","[('Of', 'IN'), ('glasgow', 'NN')]",0,"['ADP', 'NOUN']",[],0,0,2,0,1
US67511A,1867-08-06,Maecellus y ,"['Maecellus', 'y']","[('Maecellus', 'NNP'), ('y', 'NN')]",1,"['CCONJ', 'PRON']",[],0,0,2,0,1
US67539A,1867-08-06,of mentob ,"['of', 'mentob']","[('of', 'IN'), ('mentob', 'NN')]",0,"['ADP', 'NOUN']",[],0,0,2,0,1
US67583A,1867-08-06,To all whom it may concern ,"['To', 'all', 'whom', 'it', 'may', 'concern']","[('To', 'TO'), ('all', 'DT'), ('whom', 'WP'), ('it', 'PRP'), ('may', 'MD'), ('concern', 'NN')]",0,"['ADP', 'PRON', 'PRON', 'PRON', 'AUX', 'VERB']",[],0,0,6,0,1
US67649A,1867-08-13,of stockbeidge ,"['of', 'stockbeidge']","[('of', 'IN'), ('stockbeidge', 'NN')]",0,"['ADP', 'NOUN']",[],0,0,2,0,1
US67658A,1867-08-13,To all whom it may concern ,"['To', 'all', 'whom', 'it', 'may', 'concern']","[('To', 'TO'), ('all', 'DT'), ('whom', 'WP'), ('it', 'PRP'), ('may', 'MD'), ('concern', 'NN')]",0,"['ADP', 'PRON', 'PRON', 'PRON', 'AUX', 'VERB']",[],0,0,6,0,1
US67788A,1867-08-13,The graphic co ,"['The', 'graphic', 'co']","[('The', 'DT'), ('graphic', 'JJ'), ('co', 'NN')]",0,"['DET', 'ADJ', 'NOUN']",[],0,0,3,0,1
US67836A,1867-08-20,a lex andes ,"['a', 'lex', 'andes']","[('a', 'DT'), ('lex', 'JJ'), ('andes', 'NNS')]",0,"['DET', 'NOUN', 'NOUN']",[],0,0,3,0,1
US67864A,1867-08-20,And be foubert ,"['And', 'be', 'foubert']","[('And', 'CC'), ('be', 'VB'), ('foubert', 'JJ')]",0,"['CCONJ', 'AUX', 'ADJ']",[],0,0,3,0,1
US68090A,1867-08-27,The graphic co ,"['The', 'graphic', 'co']","[('The', 'DT'), ('graphic', 'JJ'), ('co', 'NN')]",0,"['DET', 'ADJ', 'NOUN']",[],0,0,3,0,1
US68262A,1867-08-27,of helena ,"['of', 'helena']","[('of', 'IN'), ('helena', 'NN')]",0,"['ADP', 'NOUN']",[],0,0,2,0,1
US68445A,1867-09-03,Of kbokuk ,"['Of', 'kbokuk']","[('Of', 'IN'), ('kbokuk', 'NN')]",0,"['ADP', 'VERB']",[],0,0,2,0,1
US68447A,1867-09-03,of homer ,"['of', 'homer']","[('of', 'IN'), ('homer', 'NN')]",0,"['ADP', 'NOUN']",[],0,0,2,0,1
US68523A,1867-09-03,of de witt ,"['of', 'de', 'witt']","[('of', 'IN'), ('de', 'FW'), ('witt', 'FW')]",0,"['ADP', 'X', 'X']",[],0,0,3,0,1
US68699A,1867-09-10,To all whom it may concern ,"['To', 'all', 'whom', 'it', 'may', 'concern']","[('To', 'TO'), ('all', 'DT'), ('whom', 'WP'), ('it', 'PRP'), ('may', 'MD'), ('concern', 'NN')]",0,"['ADP', 'PRON', 'PRON', 'PRON', 'AUX', 'VERB']",[],0,0,6,0,1
US68926A,1867-09-17,To all ,"['To', 'all']","[('To', 'TO'), ('all', 'DT')]",0,"['ADP', 'PRON']",[],0,0,2,0,1
US69132A,1867-09-24,To all whom it may concern ,"['To', 'all', 'whom', 'it', 'may', 'concern']","[('To', 'TO'), ('all', 'DT'), ('whom', 'WP'), ('it', 'PRP'), ('may', 'MD'), ('concern', 'NN')]",0,"['ADP', 'PRON', 'PRON', 'PRON', 'AUX', 'VERB']",[],0,0,6,0,1
US69191A,1867-09-24,And washing ,"['And', 'washing']","[('And', 'CC'), ('washing', 'VBG')]",0,"['CCONJ', 'NOUN']",[],0,0,2,0,1
US69240A,1867-09-24,of os we go ,"['of', 'os', 'we', 'go']","[('of', 'IN'), ('os', 'NN'), ('we', 'PRP'), ('go', 'VBP')]",0,"['ADP', 'INTJ', 'PRON', 'VERB']",[],0,0,4,0,1
US69277A,1867-09-24,of n e ware ,"['of', 'n', 'e', 'ware']","[('of', 'IN'), ('n', 'JJ'), ('e', 'NN'), ('ware', 'NN')]",0,"['ADP', 'CCONJ', 'NOUN', 'VERB']",[],0,0,4,0,1
US69544A,1867-10-08,The graphic co ,"['The', 'graphic', 'co']","[('The', 'DT'), ('graphic', 'JJ'), ('co', 'NN')]",0,"['DET', 'ADJ', 'NOUN']",[],0,0,3,0,1
US69639A,1867-10-08,The graphic co ,"['The', 'graphic', 'co']","[('The', 'DT'), ('graphic', 'JJ'), ('co', 'NN')]",0,"['DET', 'ADJ', 'NOUN']",[],0,0,3,0,1
US69753A,1867-10-15,of rockville ,"['of', 'rockville']","[('of', 'IN'), ('rockville', 'NN')]",0,"['ADP', 'NOUN']",['GPE'],0,0,2,0,1
US69779A,1867-10-15,To all whom it may concern ,"['To', 'all', 'whom', 'it', 'may', 'concern']","[('To', 'TO'), ('all', 'DT'), ('whom', 'WP'), ('it', 'PRP'), ('may', 'MD'), ('concern', 'NN')]",0,"['ADP', 'PRON', 'PRON', 'PRON', 'AUX', 'VERB']",[],0,0,6,0,1
US69958A,1867-10-22,of manchester ,"['of', 'manchester']","[('of', 'IN'), ('manchester', 'NN')]",0,"['ADP', 'NOUN']",[],0,0,2,0,1
US70056A,1867-10-22,These presents shall gome ,"['These', 'presents', 'shall', 'gome']","[('These', 'DT'), ('presents', 'NNS'), ('shall', 'MD'), ('gome', 'VB')]",0,"['DET', 'NOUN', 'AUX', 'VERB']",[],0,0,4,0,1
US70258A,1867-10-29,of g-alesbukg ,"['of', 'g-alesbukg']","[('of', 'IN'), ('g-alesbukg', 'NN')]",0,"['ADP', 'NOUN', 'PUNCT', 'NOUN']",[],0,0,4,0,1
US70270A,1867-10-29,And monroe p ,"['And', 'monroe', 'p']","[('And', 'CC'), ('monroe', 'NN'), ('p', 'NN')]",0,"['CCONJ', 'VERB', 'NOUN']",[],0,0,3,0,1
US70271A,1867-10-29,Of hacke-nsack ,"['Of', 'hacke-nsack']","[('Of', 'IN'), ('hacke-nsack', 'NN')]",0,"['ADP', 'NOUN', 'PUNCT', 'NOUN']",[],0,0,4,0,1
US70328A,1867-10-29,of eushville ,"['of', 'eushville']","[('of', 'IN'), ('eushville', 'NN')]",0,"['ADP', 'NOUN']",[],0,0,2,0,1
US70626A,1867-11-05,of f i n d l e y ,"['of', 'f', 'i', 'n', 'd', 'l', 'e', 'y']","[('of', 'IN'), ('f', 'NN'), ('i', 'NN'), ('n', 'VBP'), ('d', 'NN'), ('l', 'NN'), ('e', 'NN'), ('y', 'NN')]",0,"['ADP', 'X', 'PRON', 'CCONJ', 'X', 'NOUN', 'NOUN', 'X']",['PRODUCT'],0,0,8,0,1
US70632A,1867-11-05,of holdebness ,"['of', 'holdebness']","[('of', 'IN'), ('holdebness', 'NN')]",0,"['ADP', 'NOUN']",[],0,0,2,0,1
US70688A,1867-11-12,To all persons to whom these presents shall gome ,"['To', 'all', 'persons', 'to', 'whom', 'these', 'presents', 'shall', 'gome']","[('To', 'TO'), ('all', 'DT'), ('persons', 'NNS'), ('to', 'TO'), ('whom', 'WP'), ('these', 'DT'), ('presents', 'NNS'), ('shall', 'MD'), ('gome', 'VB')]",0,"['ADP', 'DET', 'NOUN', 'PART', 'PRON', 'DET', 'NOUN', 'AUX', 'VERB']",[],0,0,9,0,1
US70796A,1867-11-12,To all whom it mat concern ,"['To', 'all', 'whom', 'it', 'mat', 'concern']","[('To', 'TO'), ('all', 'DT'), ('whom', 'WP'), ('it', 'PRP'), ('mat', 'VBZ'), ('concern', 'NN')]",0,"['ADP', 'PRON', 'PRON', 'PRON', 'NOUN', 'NOUN']",[],0,0,6,0,1
US70807A,1867-11-12,Clemoike p ,"['Clemoike', 'p']","[('Clemoike', 'NNP'), ('p', 'NN')]",1,"['ADP', 'NOUN']",[],0,0,2,0,1
US70890A,1867-11-12,a iii s ,"['a', 'iii', 's']","[('a', 'DT'), ('iii', 'NN'), ('s', 'NN')]",0,"['DET', 'NOUN', 'VERB']",[],0,0,3,0,1
US71051A,1867-11-19,To all whom it may concern ,"['To', 'all', 'whom', 'it', 'may', 'concern']","[('To', 'TO'), ('all', 'DT'), ('whom', 'WP'), ('it', 'PRP'), ('may', 'MD'), ('concern', 'NN')]",0,"['ADP', 'PRON', 'PRON', 'PRON', 'AUX', 'VERB']",[],0,0,6,0,1
US71370A,1867-11-26,To all whom it may concern ,"['To', 'all', 'whom', 'it', 'may', 'concern']","[('To', 'TO'), ('all', 'DT'), ('whom', 'WP'), ('it', 'PRP'), ('may', 'MD'), ('concern', 'NN')]",0,"['ADP', 'PRON', 'PRON', 'PRON', 'AUX', 'VERB']",[],0,0,6,0,1
US71374A,1867-11-26,To all whom it may concern ,"['To', 'all', 'whom', 'it', 'may', 'concern']","[('To', 'TO'), ('all', 'DT'), ('whom', 'WP'), ('it', 'PRP'), ('may', 'MD'), ('concern', 'NN')]",0,"['ADP', 'PRON', 'PRON', 'PRON', 'AUX', 'VERB']",[],0,0,6,0,1
US71512A,1867-11-26,of cincinnati ,"['of', 'cincinnati']","[('of', 'IN'), ('cincinnati', 'NN')]",0,"['ADP', 'NOUN']",['GPE'],0,0,2,0,1
US71566A,1867-12-03,In lamps ,"['In', 'lamps']","[('In', 'IN'), ('lamps', 'NNS')]",0,"['ADP', 'NOUN']",[],0,0,2,0,1
US71578A,1867-12-03,To all whom it may concern ,"['To', 'all', 'whom', 'it', 'may', 'concern']","[('To', 'TO'), ('all', 'DT'), ('whom', 'WP'), ('it', 'PRP'), ('may', 'MD'), ('concern', 'NN')]",0,"['ADP', 'PRON', 'PRON', 'PRON', 'AUX', 'VERB']",[],0,0,6,0,1
US71671A,1867-12-03,And blias y ,"['And', 'blias', 'y']","[('And', 'CC'), ('blias', 'VB'), ('y', 'NN')]",0,"['CCONJ', 'VERB', 'PRON']",[],0,0,3,0,1
US71713A,1867-12-03,To all whom it may concern ,"['To', 'all', 'whom', 'it', 'may', 'concern']","[('To', 'TO'), ('all', 'DT'), ('whom', 'WP'), ('it', 'PRP'), ('may', 'MD'), ('concern', 'NN')]",0,"['ADP', 'PRON', 'PRON', 'PRON', 'AUX', 'VERB']",[],0,0,6,0,1
US72243A,1867-12-17,of cincinnati ,"['of', 'cincinnati']","[('of', 'IN'), ('cincinnati', 'NN')]",0,"['ADP', 'NOUN']",['GPE'],0,0,2,0,1
US72318A,1867-12-17,To all whom it mat concern ,"['To', 'all', 'whom', 'it', 'mat', 'concern']","[('To', 'TO'), ('all', 'DT'), ('whom', 'WP'), ('it', 'PRP'), ('mat', 'VBZ'), ('concern', 'NN')]",0,"['ADP', 'PRON', 'PRON', 'PRON', 'NOUN', 'NOUN']",[],0,0,6,0,1
US72332A,1867-12-17,of gales burg ,"['of', 'gales', 'burg']","[('of', 'IN'), ('gales', 'NNS'), ('burg', 'NNS')]",0,"['ADP', 'NOUN', 'NOUN']",[],0,0,3,0,1
US72442A,1867-12-24,And kevenue-stamps ,"['And', 'kevenue-stamps']","[('And', 'CC'), ('kevenue-stamps', 'NNS')]",0,"['CCONJ', 'NOUN', 'PUNCT', 'NOUN']",[],0,0,4,0,1
US72576A,1867-12-24,To all whom it may concern ,"['To', 'all', 'whom', 'it', 'may', 'concern']","[('To', 'TO'), ('all', 'DT'), ('whom', 'WP'), ('it', 'PRP'), ('may', 'MD'), ('concern', 'NN')]",0,"['ADP', 'PRON', 'PRON', 'PRON', 'AUX', 'VERB']",[],0,0,6,0,1
US72579A,1867-12-24,Of cardiff ,"['Of', 'cardiff']","[('Of', 'IN'), ('cardiff', 'NN')]",0,"['ADP', 'NOUN']",[],0,0,2,0,1
US72653A,1867-12-24,of in-d ianapol is ,"['of', 'in-d', 'ianapol', 'is']","[('of', 'IN'), ('in-d', 'JJ'), ('ianapol', 'NN'), ('is', 'VBZ')]",0,"['ADP', 'ADP', 'PUNCT', 'NOUN', 'NOUN', 'AUX']",[],0,0,6,0,1
US72733A,1867-12-31,To all  whom it mat concern ,"['To', 'all', 'whom', 'it', 'mat', 'concern']","[('To', 'TO'), ('all', 'DT'), ('whom', 'WP'), ('it', 'PRP'), ('mat', 'VBZ'), ('concern', 'NN')]",0,"['ADP', 'DET', 'SPACE', 'PRON', 'PRON', 'NOUN', 'NOUN']",[],0,0,7,0,1
US72780A,1867-12-31,To all whom it mat concern ,"['To', 'all', 'whom', 'it', 'mat', 'concern']","[('To', 'TO'), ('all', 'DT'), ('whom', 'WP'), ('it', 'PRP'), ('mat', 'VBZ'), ('concern', 'NN')]",0,"['ADP', 'PRON', 'PRON', 'PRON', 'NOUN', 'NOUN']",[],0,0,6,0,1
US73088A,1868-01-07,To whom it ,"['To', 'whom', 'it']","[('To', 'TO'), ('whom', 'WP'), ('it', 'PRP')]",0,"['ADP', 'PRON', 'PRON']",[],0,0,3,0,1
US73157A,1868-01-07,of blo omingbubg ,"['of', 'blo', 'omingbubg']","[('of', 'IN'), ('blo', 'NN'), ('omingbubg', 'NN')]",0,"['ADP', 'NOUN', 'ADV']",[],0,0,3,0,1
US73180A,1868-01-07,In straw-cutters ,"['In', 'straw-cutters']","[('In', 'IN'), ('straw-cutters', 'NNS')]",0,"['ADP', 'NOUN', 'PUNCT', 'NOUN']",[],0,0,4,0,1
US73347A,1868-01-14,of same place ,"['of', 'same', 'place']","[('of', 'IN'), ('same', 'JJ'), ('place', 'NN')]",0,"['ADP', 'ADJ', 'NOUN']",[],0,0,3,0,1
US73501A,1868-01-21,Of south berwick ,"['Of', 'south', 'berwick']","[('Of', 'IN'), ('south', 'JJ'), ('berwick', 'NN')]",0,"['ADP', 'ADJ', 'NOUN']",[],0,0,3,0,1
US73985A,1868-02-04,To all whom it mat concern ,"['To', 'all', 'whom', 'it', 'mat', 'concern']","[('To', 'TO'), ('all', 'DT'), ('whom', 'WP'), ('it', 'PRP'), ('mat', 'VBZ'), ('concern', 'NN')]",0,"['ADP', 'PRON', 'PRON', 'PRON', 'NOUN', 'NOUN']",[],0,0,6,0,1
US74001A,1868-02-04,And in the ,"['And', 'in', 'the']","[('And', 'CC'), ('in', 'IN'), ('the', 'DT')]",0,"['CCONJ', 'ADP', 'PRON']",[],0,0,3,0,1
US74038A,1868-02-04,of rising sun ,"['of', 'rising', 'sun']","[('of', 'IN'), ('rising', 'VBG'), ('sun', 'NN')]",0,"['ADP', 'VERB', 'NOUN']",[],0,0,3,0,1
US74091A,1868-02-04,of hanover ,"['of', 'hanover']","[('of', 'IN'), ('hanover', 'NN')]",0,"['ADP', 'NOUN']",[],0,0,2,0,1
US74242A,1868-02-11,And bennet vandecar ,"['And', 'bennet', 'vandecar']","[('And', 'CC'), ('bennet', 'NN'), ('vandecar', 'NN')]",0,"['CCONJ', 'NOUN', 'NOUN']",[],0,0,3,0,1
US74367A,1868-02-11,of yonkers ,"['of', 'yonkers']","[('of', 'IN'), ('yonkers', 'NNS')]",0,"['ADP', 'NOUN']",[],0,0,2,0,1
US74497A,1868-02-18,of makion ,"['of', 'makion']","[('of', 'IN'), ('makion', 'NN')]",0,"['ADP', 'NOUN']",[],0,0,2,0,1
US74757A,1868-02-25,of limestone ,"['of', 'limestone']","[('of', 'IN'), ('limestone', 'NN')]",0,"['ADP', 'NOUN']",[],0,0,2,0,1
US74784A,1868-02-25,And tallying-attaohments ,"['And', 'tallying-attaohments']","[('And', 'CC'), ('tallying-attaohments', 'NNS')]",0,"['CCONJ', 'NOUN', 'PUNCT', 'NOUN']",[],0,0,4,0,1
US74895A,1868-02-25,of phelps ,"['of', 'phelps']","[('of', 'IN'), ('phelps', 'NN')]",0,"['ADP', 'NOUN']",[],0,0,2,0,1
US74928A,1868-02-25,Of easton ,"['Of', 'easton']","[('Of', 'IN'), ('easton', 'NN')]",0,"['ADP', 'NOUN']",[],0,0,2,0,1
US74967A,1868-02-25,To all whom it may concern ,"['To', 'all', 'whom', 'it', 'may', 'concern']","[('To', 'TO'), ('all', 'DT'), ('whom', 'WP'), ('it', 'PRP'), ('may', 'MD'), ('concern', 'NN')]",0,"['ADP', 'PRON', 'PRON', 'PRON', 'AUX', 'VERB']",[],0,0,6,0,1
US75041A,1868-03-03,of mifflinburg ,"['of', 'mifflinburg']","[('of', 'IN'), ('mifflinburg', 'NN')]",0,"['ADP', 'NOUN']",[],0,0,2,0,1
US75093A,1868-03-03,To all whom it may concern ,"['To', 'all', 'whom', 'it', 'may', 'concern']","[('To', 'TO'), ('all', 'DT'), ('whom', 'WP'), ('it', 'PRP'), ('may', 'MD'), ('concern', 'NN')]",0,"['ADP', 'PRON', 'PRON', 'PRON', 'AUX', 'VERB']",[],0,0,6,0,1
US75190A,1868-03-03,of w-bstfibld ,"['of', 'w-bstfibld']","[('of', 'IN'), ('w-bstfibld', 'NN')]",0,"['ADP', 'NOUN', 'PUNCT', 'NOUN']",[],0,0,4,0,1
US75348A,1868-03-10,of-ma-n gbe-ster ,"['of-ma-n', 'gbe-ster']","[('of-ma-n', 'JJ'), ('gbe-ster', 'NN')]",0,"['ADP', 'PUNCT', 'NOUN', 'PUNCT', 'CCONJ', 'NOUN', 'NOUN', 'NOUN']",[],0,0,8,0,1
US75496A,1868-03-10,To all whom it may concern ,"['To', 'all', 'whom', 'it', 'may', 'concern']","[('To', 'TO'), ('all', 'DT'), ('whom', 'WP'), ('it', 'PRP'), ('may', 'MD'), ('concern', 'NN')]",0,"['ADP', 'PRON', 'PRON', 'PRON', 'AUX', 'VERB']",[],0,0,6,0,1
US75575A,1868-03-17,of independence ,"['of', 'independence']","[('of', 'IN'), ('independence', 'NN')]",0,"['ADP', 'NOUN']",[],0,0,2,0,1
US75804A,1868-03-24,of foeestville ,"['of', 'foeestville']","[('of', 'IN'), ('foeestville', 'NN')]",0,"['ADP', 'NOUN']",[],0,0,2,0,1
US75890A,1868-03-24,Feedhstand fisghee ,"['Feedhstand', 'fisghee']","[('Feedhstand', 'NNP'), ('fisghee', 'NN')]",1,"['CCONJ', 'NOUN']",[],0,0,2,0,1
US76320A,1868-04-07,of homer ,"['of', 'homer']","[('of', 'IN'), ('homer', 'NN')]",0,"['ADP', 'NOUN']",[],0,0,2,0,1
US76325A,1868-04-07,To all whom it may concern ,"['To', 'all', 'whom', 'it', 'may', 'concern']","[('To', 'TO'), ('all', 'DT'), ('whom', 'WP'), ('it', 'PRP'), ('may', 'MD'), ('concern', 'NN')]",0,"['ADP', 'PRON', 'PRON', 'PRON', 'AUX', 'VERB']",[],0,0,6,0,1
US76333A,1868-04-07,To all whom it may concern ,"['To', 'all', 'whom', 'it', 'may', 'concern']","[('To', 'TO'), ('all', 'DT'), ('whom', 'WP'), ('it', 'PRP'), ('may', 'MD'), ('concern', 'NN')]",0,"['ADP', 'PRON', 'PRON', 'PRON', 'AUX', 'VERB']",[],0,0,6,0,1
US76484A,1868-04-07,To all whom it may concern ,"['To', 'all', 'whom', 'it', 'may', 'concern']","[('To', 'TO'), ('all', 'DT'), ('whom', 'WP'), ('it', 'PRP'), ('may', 'MD'), ('concern', 'NN')]",0,"['ADP', 'PRON', 'PRON', 'PRON', 'AUX', 'VERB']",[],0,0,6,0,1
US76547A,1868-04-07,of speikgfield ,"['of', 'speikgfield']","[('of', 'IN'), ('speikgfield', 'NN')]",0,"['ADP', 'NOUN']",[],0,0,2,0,1
US76548A,1868-04-07,En och taylor ,"['En', 'och', 'taylor']","[('En', 'NNP'), ('och', 'PRP'), ('taylor', 'NN')]",1,"['ADP', 'NOUN', 'NOUN']",[],0,0,3,0,1
US76578A,1868-04-07,Of petaluma ,"['Of', 'petaluma']","[('Of', 'IN'), ('petaluma', 'NN')]",0,"['ADP', 'PRON']",[],0,0,2,0,1
US76632A,1868-04-14,of chicopee ,"['of', 'chicopee']","[('of', 'IN'), ('chicopee', 'NN')]",0,"['ADP', 'NOUN']",[],0,0,2,0,1
US76649A,1868-04-14,To all whom it may concern ,"['To', 'all', 'whom', 'it', 'may', 'concern']","[('To', 'TO'), ('all', 'DT'), ('whom', 'WP'), ('it', 'PRP'), ('may', 'MD'), ('concern', 'NN')]",0,"['ADP', 'PRON', 'PRON', 'PRON', 'AUX', 'VERB']",[],0,0,6,0,1
US76700A,1868-04-14,To all whom ,"['To', 'all', 'whom']","[('To', 'TO'), ('all', 'DT'), ('whom', 'WP')]",0,"['ADP', 'PRON', 'PRON']",[],0,0,3,0,1
US76752A,1868-04-14,of ashley ,"['of', 'ashley']","[('of', 'IN'), ('ashley', 'NN')]",0,"['ADP', 'NOUN']",[],0,0,2,0,1
US76990A,1868-04-21,To all whom it mat concern ,"['To', 'all', 'whom', 'it', 'mat', 'concern']","[('To', 'TO'), ('all', 'DT'), ('whom', 'WP'), ('it', 'PRP'), ('mat', 'VBZ'), ('concern', 'NN')]",0,"['ADP', 'PRON', 'PRON', 'PRON', 'NOUN', 'NOUN']",[],0,0,6,0,1
US77209A,1868-04-28,The norris petehs co ,"['The', 'norris', 'petehs', 'co']","[('The', 'DT'), ('norris', 'JJ'), ('petehs', 'NN'), ('co', 'NN')]",0,"['DET', 'NOUN', 'VERB', 'NOUN']",[],0,0,4,0,1
US77376A,1868-04-28,of cedar falls ,"['of', 'cedar', 'falls']","[('of', 'IN'), ('cedar', 'NN'), ('falls', 'NNS')]",0,"['ADP', 'NOUN', 'NOUN']",[],0,0,3,0,1
US77384A,1868-04-28,A a a a a a a ,"['A', 'a', 'a', 'a', 'a', 'a', 'a']","[('A', 'DT'), ('a', 'DT'), ('a', 'DT'), ('a', 'DT'), ('a', 'DT'), ('a', 'DT'), ('a', 'DT')]",0,"['DET', 'PRON', 'PRON', 'PRON', 'PRON', 'PRON', 'PRON']",[],0,0,7,0,1
US77504A,1868-05-05,a ebon dale ,"['a', 'ebon', 'dale']","[('a', 'DT'), ('ebon', 'NN'), ('dale', 'NN')]",0,"['DET', 'NOUN', 'NOUN']",[],0,0,3,0,1
US77584A,1868-05-05,And marmont b ,"['And', 'marmont', 'b']","[('And', 'CC'), ('marmont', 'NN'), ('b', 'NN')]",0,"['CCONJ', 'NOUN', 'NOUN']",[],0,0,3,0,1
US77623A,1868-05-05,To all whom it may concekn ,"['To', 'all', 'whom', 'it', 'may', 'concekn']","[('To', 'TO'), ('all', 'DT'), ('whom', 'WP'), ('it', 'PRP'), ('may', 'MD'), ('concekn', 'VB')]",0,"['ADP', 'PRON', 'PRON', 'PRON', 'AUX', 'VERB']",[],0,0,6,0,1
US77751A,1868-05-12,In cooking-stoves ,"['In', 'cooking-stoves']","[('In', 'IN'), ('cooking-stoves', 'NNS')]",0,"['ADP', 'NOUN', 'PUNCT', 'NOUN']",[],0,0,4,0,1
US77769A,1868-05-12,An son s earls ,"['An', 'son', 's', 'earls']","[('An', 'DT'), ('son', 'NN'), ('s', 'NN'), ('earls', 'NN')]",0,"['DET', 'NOUN', 'PART', 'NOUN']",[],0,0,4,0,1
US77932A,1868-05-12,And boiling-furnaces ,"['And', 'boiling-furnaces']","[('And', 'CC'), ('boiling-furnaces', 'NNS')]",0,"['CCONJ', 'NOUN', 'PUNCT', 'NOUN']",[],0,0,4,0,1
US77986A,1868-05-19,A donibam kendall ,"['A', 'donibam', 'kendall']","[('A', 'DT'), ('donibam', 'NN'), ('kendall', 'NN')]",0,"['DET', 'NOUN', 'NOUN']",[],0,0,3,0,1
US77993A,1868-05-19,To all whom it may concern ,"['To', 'all', 'whom', 'it', 'may', 'concern']","[('To', 'TO'), ('all', 'DT'), ('whom', 'WP'), ('it', 'PRP'), ('may', 'MD'), ('concern', 'NN')]",0,"['ADP', 'PRON', 'PRON', 'PRON', 'AUX', 'VERB']",[],0,0,6,0,1
US78047A,1868-05-19,Of auburn ,"['Of', 'auburn']","[('Of', 'IN'), ('auburn', 'NN')]",0,"['ADP', 'NOUN']",[],0,0,2,0,1
US78071A,1868-05-19,A f d re w  ,"['A', 'f', 'd', 're', 'w']","[('A', 'DT'), ('f', 'JJ'), ('d', 'NN'), ('re', 'NN'), ('w', 'NN')]",0,"['DET', 'X', 'X', 'ADP', 'NOUN', 'SPACE']",[],0,0,6,0,1
US78073A,1868-05-19,And wendel bollman ,"['And', 'wendel', 'bollman']","[('And', 'CC'), ('wendel', 'NN'), ('bollman', 'NN')]",0,"['CCONJ', 'ADJ', 'NOUN']",[],0,0,3,0,1
US78083A,1868-05-19,of louisville ,"['of', 'louisville']","[('of', 'IN'), ('louisville', 'NN')]",0,"['ADP', 'NOUN']",['GPE'],0,0,2,0,1
US78100A,1868-05-19,To all whom it mat concern ,"['To', 'all', 'whom', 'it', 'mat', 'concern']","[('To', 'TO'), ('all', 'DT'), ('whom', 'WP'), ('it', 'PRP'), ('mat', 'VBZ'), ('concern', 'NN')]",0,"['ADP', 'PRON', 'PRON', 'PRON', 'NOUN', 'NOUN']",[],0,0,6,0,1
US78144A,1868-05-19,And gaskell g ,"['And', 'gaskell', 'g']","[('And', 'CC'), ('gaskell', 'NN'), ('g', 'NN')]",0,"['CCONJ', 'VERB', 'NOUN']",[],0,0,3,0,1
US78184A,1868-05-26,To all whom it may concern ,"['To', 'all', 'whom', 'it', 'may', 'concern']","[('To', 'TO'), ('all', 'DT'), ('whom', 'WP'), ('it', 'PRP'), ('may', 'MD'), ('concern', 'NN')]",0,"['ADP', 'PRON', 'PRON', 'PRON', 'AUX', 'VERB']",[],0,0,6,0,1
US78194A,1868-05-26,To all whom it mat concern ,"['To', 'all', 'whom', 'it', 'mat', 'concern']","[('To', 'TO'), ('all', 'DT'), ('whom', 'WP'), ('it', 'PRP'), ('mat', 'VBZ'), ('concern', 'NN')]",0,"['ADP', 'PRON', 'PRON', 'PRON', 'NOUN', 'NOUN']",[],0,0,6,0,1
US78217A,1868-05-26,of chelsea ,"['of', 'chelsea']","[('of', 'IN'), ('chelsea', 'NN')]",0,"['ADP', 'NOUN']",[],0,0,2,0,1
US78259A,1868-05-26,To all whom it-may concern ,"['To', 'all', 'whom', 'it-may', 'concern']","[('To', 'TO'), ('all', 'DT'), ('whom', 'WP'), ('it-may', 'JJ'), ('concern', 'NN')]",0,"['ADP', 'PRON', 'PRON', 'PRON', 'PUNCT', 'NOUN', 'NOUN']",[],0,0,7,0,1
US78428A,1868-06-02,of south ,"['of', 'south']","[('of', 'IN'), ('south', 'JJ')]",0,"['ADP', 'NOUN']",[],0,0,2,0,1
US78522A,1868-06-02,To himself ,"['To', 'himself']","[('To', 'TO'), ('himself', 'PRP')]",0,"['ADP', 'PRON']",[],0,0,2,0,1
US78710A,1868-06-09,of cobby ,"['of', 'cobby']","[('of', 'IN'), ('cobby', 'NN')]",0,"['ADP', 'NOUN']",[],0,0,2,0,1
US78790A,1868-06-09,The oraphic co ,"['The', 'oraphic', 'co']","[('The', 'DT'), ('oraphic', 'JJ'), ('co', 'NN')]",0,"['DET', 'ADJ', 'NOUN']",[],0,0,3,0,1
US78974A,1868-06-16,of cincinnati ,"['of', 'cincinnati']","[('of', 'IN'), ('cincinnati', 'NN')]",0,"['ADP', 'NOUN']",['GPE'],0,0,2,0,1
US79044A,1868-06-16,of cornwall ,"['of', 'cornwall']","[('of', 'IN'), ('cornwall', 'NN')]",0,"['ADP', 'NOUN']",[],0,0,2,0,1
US79100A,1868-06-23,of sohutlkill ,"['of', 'sohutlkill']","[('of', 'IN'), ('sohutlkill', 'NN')]",0,"['ADP', 'NOUN']",[],0,0,2,0,1
US79198A,1868-06-23,The graphic co ,"['The', 'graphic', 'co']","[('The', 'DT'), ('graphic', 'JJ'), ('co', 'NN')]",0,"['DET', 'ADJ', 'NOUN']",[],0,0,3,0,1
US79315A,1868-06-30,To all whom it may concern ,"['To', 'all', 'whom', 'it', 'may', 'concern']","[('To', 'TO'), ('all', 'DT'), ('whom', 'WP'), ('it', 'PRP'), ('may', 'MD'), ('concern', 'NN')]",0,"['ADP', 'PRON', 'PRON', 'PRON', 'AUX', 'VERB']",[],0,0,6,0,1
US79320A,1868-06-30,To all whom it may concern ,"['To', 'all', 'whom', 'it', 'may', 'concern']","[('To', 'TO'), ('all', 'DT'), ('whom', 'WP'), ('it', 'PRP'), ('may', 'MD'), ('concern', 'NN')]",0,"['ADP', 'PRON', 'PRON', 'PRON', 'AUX', 'VERB']",[],0,0,6,0,1
US79383A,1868-06-30,En os page ,"['En', 'os', 'page']","[('En', 'NNP'), ('os', 'NN'), ('page', 'NN')]",1,"['ADP', 'NOUN', 'NOUN']",[],0,0,3,0,1
US79454A,1868-06-30,To all whom it may concern ,"['To', 'all', 'whom', 'it', 'may', 'concern']","[('To', 'TO'), ('all', 'DT'), ('whom', 'WP'), ('it', 'PRP'), ('may', 'MD'), ('concern', 'NN')]",0,"['ADP', 'PRON', 'PRON', 'PRON', 'AUX', 'VERB']",[],0,0,6,0,1
US79731A,1868-07-07,of lake tillage ,"['of', 'lake', 'tillage']","[('of', 'IN'), ('lake', 'JJ'), ('tillage', 'NN')]",0,"['ADP', 'NOUN', 'NOUN']",[],0,0,3,0,1
US79756A,1868-07-07,Of tabrytown ,"['Of', 'tabrytown']","[('Of', 'IN'), ('tabrytown', 'NN')]",0,"['ADP', 'ADJ']",[],0,0,2,0,1
US79776A,1868-07-07,of westfield ,"['of', 'westfield']","[('of', 'IN'), ('westfield', 'NN')]",0,"['ADP', 'NOUN']",[],0,0,2,0,1
US79791A,1868-07-07,of edinbub-g ,"['of', 'edinbub-g']","[('of', 'IN'), ('edinbub-g', 'JJ')]",0,"['ADP', 'NOUN', 'PUNCT', 'NOUN']",[],0,0,4,0,1
US79823A,1868-07-14,To all whom it may ,"['To', 'all', 'whom', 'it', 'may']","[('To', 'TO'), ('all', 'DT'), ('whom', 'WP'), ('it', 'PRP'), ('may', 'MD')]",0,"['ADP', 'PRON', 'PRON', 'PRON', 'AUX']",[],0,0,5,0,1
US79873A,1868-07-14,of b r a c e v i l l e ,"['of', 'b', 'r', 'a', 'c', 'e', 'v', 'i', 'l', 'l', 'e']","[('of', 'IN'), ('b', 'NN'), ('r', 'NN'), ('a', 'DT'), ('c', 'NN'), ('e', 'NN'), ('v', 'NN'), ('i', 'NN'), ('l', 'VBP'), ('l', 'NN'), ('e', 'NN')]",0,"['ADP', 'NOUN', 'NOUN', 'DET', 'NOUN', 'NOUN', 'ADP', 'PRON', 'X', 'X', 'NOUN']",[],0,0,11,0,1
US80137A,1868-07-21,In lamps ,"['In', 'lamps']","[('In', 'IN'), ('lamps', 'NNS')]",0,"['ADP', 'NOUN']",[],0,0,2,0,1
US80252A,1868-07-21,of marietta ,"['of', 'marietta']","[('of', 'IN'), ('marietta', 'NN')]",0,"['ADP', 'NOUN']",[],0,0,2,0,1
US80362A,1868-07-28,To all whom it mat concern ,"['To', 'all', 'whom', 'it', 'mat', 'concern']","[('To', 'TO'), ('all', 'DT'), ('whom', 'WP'), ('it', 'PRP'), ('mat', 'VBZ'), ('concern', 'NN')]",0,"['ADP', 'PRON', 'PRON', 'PRON', 'NOUN', 'NOUN']",[],0,0,6,0,1
US80364A,1868-07-28,Of buffalo grove ,"['Of', 'buffalo', 'grove']","[('Of', 'IN'), ('buffalo', 'NNS'), ('grove', 'VBP')]",0,"['ADP', 'NOUN', 'NOUN']",[],0,0,3,0,1
US80420A,1868-07-28,To all whom it may concern ,"['To', 'all', 'whom', 'it', 'may', 'concern']","[('To', 'TO'), ('all', 'DT'), ('whom', 'WP'), ('it', 'PRP'), ('may', 'MD'), ('concern', 'NN')]",0,"['ADP', 'PRON', 'PRON', 'PRON', 'AUX', 'VERB']",[],0,0,6,0,1
US80462A,1868-07-28,To all whom it mat concern ,"['To', 'all', 'whom', 'it', 'mat', 'concern']","[('To', 'TO'), ('all', 'DT'), ('whom', 'WP'), ('it', 'PRP'), ('mat', 'VBZ'), ('concern', 'NN')]",0,"['ADP', 'PRON', 'PRON', 'PRON', 'NOUN', 'NOUN']",[],0,0,6,0,1
US80545A,1868-08-04,To all whom it may concern ,"['To', 'all', 'whom', 'it', 'may', 'concern']","[('To', 'TO'), ('all', 'DT'), ('whom', 'WP'), ('it', 'PRP'), ('may', 'MD'), ('concern', 'NN')]",0,"['ADP', 'PRON', 'PRON', 'PRON', 'AUX', 'VERB']",[],0,0,6,0,1
US80596A,1868-08-04,of auburn ,"['of', 'auburn']","[('of', 'IN'), ('auburn', 'NN')]",0,"['ADP', 'NOUN']",[],0,0,2,0,1
US80795A,1868-08-04,In agricultural machines ,"['In', 'agricultural', 'machines']","[('In', 'IN'), ('agricultural', 'JJ'), ('machines', 'NNS')]",0,"['ADP', 'ADJ', 'NOUN']",[],0,0,3,0,1
US80807A,1868-08-11,To all whom it may concern ,"['To', 'all', 'whom', 'it', 'may', 'concern']","[('To', 'TO'), ('all', 'DT'), ('whom', 'WP'), ('it', 'PRP'), ('may', 'MD'), ('concern', 'NN')]",0,"['ADP', 'PRON', 'PRON', 'PRON', 'AUX', 'VERB']",[],0,0,6,0,1
US80912A,1868-08-11,To all whom it may concern ,"['To', 'all', 'whom', 'it', 'may', 'concern']","[('To', 'TO'), ('all', 'DT'), ('whom', 'WP'), ('it', 'PRP'), ('may', 'MD'), ('concern', 'NN')]",0,"['ADP', 'PRON', 'PRON', 'PRON', 'AUX', 'VERB']",[],0,0,6,0,1
US80994A,1868-08-11,In bean-puller ,"['In', 'bean-puller']","[('In', 'IN'), ('bean-puller', 'NN')]",0,"['ADP', 'NOUN', 'PUNCT', 'NOUN']",[],0,0,4,0,1
US81169A,1868-08-18,of greenpoint ,"['of', 'greenpoint']","[('of', 'IN'), ('greenpoint', 'NN')]",0,"['ADP', 'NOUN']",[],0,0,2,0,1
US81228A,1868-08-18,of new to  ,"['of', 'new', 'to']","[('of', 'IN'), ('new', 'JJ'), ('to', 'TO')]",0,"['ADP', 'ADJ', 'PART', 'SPACE']",[],0,0,4,0,1
US81274A,1868-08-18,of buffalo ,"['of', 'buffalo']","[('of', 'IN'), ('buffalo', 'NN')]",0,"['ADP', 'NOUN']",[],0,0,2,0,1
US81508A,1868-08-25,of ro chester ,"['of', 'ro', 'chester']","[('of', 'IN'), ('ro', 'NN'), ('chester', 'NN')]",0,"['ADP', 'VERB', 'NOUN']",[],0,0,3,0,1
US81529A,1868-08-25,of beading ,"['of', 'beading']","[('of', 'IN'), ('beading', 'VBG')]",0,"['ADP', 'NOUN']",[],0,0,2,0,1
US81715A,1868-09-01,w atkins ,"['w', 'atkins']","[('w', 'NN'), ('atkins', 'NNS')]",0,"['ADP', 'NOUN']",[],0,0,2,0,1
US81736A,1868-09-01,Of salem ,"['Of', 'salem']","[('Of', 'IN'), ('salem', 'NN')]",0,"['ADP', 'NOUN']",[],0,0,2,0,1
US81822A,1868-09-01,To all whom it may concern ,"['To', 'all', 'whom', 'it', 'may', 'concern']","[('To', 'TO'), ('all', 'DT'), ('whom', 'WP'), ('it', 'PRP'), ('may', 'MD'), ('concern', 'NN')]",0,"['ADP', 'PRON', 'PRON', 'PRON', 'AUX', 'VERB']",[],0,0,6,0,1
US81892A,1868-09-08,To all whom it may concern ,"['To', 'all', 'whom', 'it', 'may', 'concern']","[('To', 'TO'), ('all', 'DT'), ('whom', 'WP'), ('it', 'PRP'), ('may', 'MD'), ('concern', 'NN')]",0,"['ADP', 'PRON', 'PRON', 'PRON', 'AUX', 'VERB']",[],0,0,6,0,1
US82018A,1868-09-08,Of same place ,"['Of', 'same', 'place']","[('Of', 'IN'), ('same', 'JJ'), ('place', 'NN')]",0,"['ADP', 'ADJ', 'NOUN']",[],0,0,3,0,1
US82027A,1868-09-08,To all whom it may concern ,"['To', 'all', 'whom', 'it', 'may', 'concern']","[('To', 'TO'), ('all', 'DT'), ('whom', 'WP'), ('it', 'PRP'), ('may', 'MD'), ('concern', 'NN')]",0,"['ADP', 'PRON', 'PRON', 'PRON', 'AUX', 'VERB']",[],0,0,6,0,1
US82118A,1868-09-15,The graphic co ,"['The', 'graphic', 'co']","[('The', 'DT'), ('graphic', 'JJ'), ('co', 'NN')]",0,"['DET', 'ADJ', 'NOUN']",[],0,0,3,0,1
US82129A,1868-09-15,To all whom it may concern ,"['To', 'all', 'whom', 'it', 'may', 'concern']","[('To', 'TO'), ('all', 'DT'), ('whom', 'WP'), ('it', 'PRP'), ('may', 'MD'), ('concern', 'NN')]",0,"['ADP', 'PRON', 'PRON', 'PRON', 'AUX', 'VERB']",[],0,0,6,0,1
US82364A,1868-09-22,In sweats for hats ,"['In', 'sweats', 'for', 'hats']","[('In', 'IN'), ('sweats', 'NNS'), ('for', 'IN'), ('hats', 'NNS')]",0,"['ADP', 'NOUN', 'ADP', 'NOUN']",[],0,0,4,0,1
US82367A,1868-09-22,Of summit ,"['Of', 'summit']","[('Of', 'IN'), ('summit', 'NN')]",0,"['ADP', 'NOUN']",[],0,0,2,0,1
US82408A,1868-09-22,of plain ,"['of', 'plain']","[('of', 'IN'), ('plain', 'NN')]",0,"['ADP', 'ADJ']",[],0,0,2,0,1
US82433A,1868-09-22,The graphic co ,"['The', 'graphic', 'co']","[('The', 'DT'), ('graphic', 'JJ'), ('co', 'NN')]",0,"['DET', 'ADJ', 'NOUN']",[],0,0,3,0,1
US82481A,1868-09-29,The tops and bottoms of the bodies ,"['The', 'tops', 'and', 'bottoms', 'of', 'the', 'bodies']","[('The', 'DT'), ('tops', 'NNS'), ('and', 'CC'), ('bottoms', 'NNS'), ('of', 'IN'), ('the', 'DT'), ('bodies', 'NNS')]",0,"['DET', 'NOUN', 'CCONJ', 'NOUN', 'ADP', 'DET', 'NOUN']",[],0,0,7,0,1
US82670A,1868-09-29,To whom it may concern ,"['To', 'whom', 'it', 'may', 'concern']","[('To', 'TO'), ('whom', 'WP'), ('it', 'PRP'), ('may', 'MD'), ('concern', 'NN')]",0,"['ADP', 'PRON', 'PRON', 'AUX', 'VERB']",[],0,0,5,0,1
US82805A,1868-10-06,The graphic co ,"['The', 'graphic', 'co']","[('The', 'DT'), ('graphic', 'JJ'), ('co', 'NN')]",0,"['DET', 'ADJ', 'NOUN']",[],0,0,3,0,1
US83067A,1868-10-13,The cutters of mowing-machines ,"['The', 'cutters', 'of', 'mowing-machines']","[('The', 'DT'), ('cutters', 'NNS'), ('of', 'IN'), ('mowing-machines', 'NNS')]",0,"['DET', 'NOUN', 'ADP', 'NOUN', 'PUNCT', 'NOUN']",[],0,0,6,0,1
US83303A,1868-10-20,The graphic co ,"['The', 'graphic', 'co']","[('The', 'DT'), ('graphic', 'JJ'), ('co', 'NN')]",0,"['DET', 'ADJ', 'NOUN']",[],0,0,3,0,1
US83572A,1868-10-27,A n t o n w ,"['A', 'n', 't', 'o', 'n', 'w']","[('A', 'DT'), ('n', 'JJ'), ('t', 'NN'), ('o', 'NN'), ('n', 'NN'), ('w', 'NN')]",0,"['DET', 'NOUN', 'NOUN', 'NOUN', 'CCONJ', 'ADV']",[],0,0,6,0,1
US83774A,1868-11-03,For lathes ,"['For', 'lathes']","[('For', 'IN'), ('lathes', 'NNS')]",0,"['ADP', 'NOUN']",[],0,0,2,0,1
US83786A,1868-11-03,The materials of worn-out printers ,"['The', 'materials', 'of', 'worn-out', 'printers']","[('The', 'DT'), ('materials', 'NNS'), ('of', 'IN'), ('worn-out', 'NN'), ('printers', 'NNS')]",0,"['DET', 'NOUN', 'ADP', 'VERB', 'PUNCT', 'ADP', 'NOUN']",[],0,0,7,0,1
US83966A,1868-11-10,of beaver dam ,"['of', 'beaver', 'dam']","[('of', 'IN'), ('beaver', 'NN'), ('dam', 'NN')]",0,"['ADP', 'NOUN', 'NOUN']",[],0,0,3,0,1
US84160A,1868-11-17,For horse-cars ,"['For', 'horse-cars']","[('For', 'IN'), ('horse-cars', 'NNS')]",0,"['ADP', 'NOUN', 'PUNCT', 'NOUN']",[],0,0,4,0,1
US84191A,1868-11-17,The cutters of mowing-machines ,"['The', 'cutters', 'of', 'mowing-machines']","[('The', 'DT'), ('cutters', 'NNS'), ('of', 'IN'), ('mowing-machines', 'NNS')]",0,"['DET', 'NOUN', 'ADP', 'NOUN', 'PUNCT', 'NOUN']",[],0,0,6,0,1
US84216A,1868-11-17,of marlborough ,"['of', 'marlborough']","[('of', 'IN'), ('marlborough', 'NN')]",0,"['ADP', 'NOUN']",[],0,0,2,0,1
US84579A,1868-12-01,of montague ,"['of', 'montague']","[('of', 'IN'), ('montague', 'NN')]",0,"['ADP', 'NOUN']",[],0,0,2,0,1
US84600A,1868-12-01,In chimneys ,"['In', 'chimneys']","[('In', 'IN'), ('chimneys', 'NNS')]",0,"['ADP', 'NOUN']",[],0,0,2,0,1
US84648A,1868-12-01,In car-couplings ,"['In', 'car-couplings']","[('In', 'IN'), ('car-couplings', 'NNS')]",0,"['ADP', 'NOUN', 'PUNCT', 'NOUN']",[],0,0,4,0,1
US84682A,1868-12-08,de long ,"['de', 'long']","[('de', 'NNS'), ('long', 'RB')]",0,"['ADP', 'ADV']",[],0,0,2,0,1
US84782A,1868-12-08,In bolt-making machines ,"['In', 'bolt-making', 'machines']","[('In', 'IN'), ('bolt-making', 'JJ'), ('machines', 'NNS')]",0,"['ADP', 'NOUN', 'ADJ', 'VERB', 'NOUN']",[],0,0,5,0,1
US85025A,1868-12-15,of springville ,"['of', 'springville']","[('of', 'IN'), ('springville', 'NN')]",0,"['ADP', 'NOUN']",[],0,0,2,0,1
US85131A,1868-12-22,For feeding-rolls ,"['For', 'feeding-rolls']","[('For', 'IN'), ('feeding-rolls', 'NNS')]",0,"['ADP', 'NOUN', 'PUNCT', 'NOUN']",[],0,0,4,0,1
US85174A,1868-12-22,The extract of bark for tanning ,"['The', 'extract', 'of', 'bark', 'for', 'tanning']","[('The', 'DT'), ('extract', 'NN'), ('of', 'IN'), ('bark', 'NN'), ('for', 'IN'), ('tanning', 'VBG')]",0,"['DET', 'NOUN', 'ADP', 'NOUN', 'ADP', 'VERB']",[],0,0,6,0,1
US85954A,1869-01-19,And protecting stores in case of fire ,"['And', 'protecting', 'stores', 'in', 'case', 'of', 'fire']","[('And', 'CC'), ('protecting', 'VBG'), ('stores', 'NNS'), ('in', 'IN'), ('case', 'NN'), ('of', 'IN'), ('fire', 'NN')]",0,"['CCONJ', 'VERB', 'NOUN', 'ADP', 'NOUN', 'ADP', 'NOUN']",[],0,0,7,0,1
US86038A,1869-01-19,The nohris pcters co ,"['The', 'nohris', 'pcters', 'co']","[('The', 'DT'), ('nohris', 'JJ'), ('pcters', 'NNS'), ('co', 'VBP')]",0,"['DET', 'ADJ', 'NOUN', 'VERB']",[],0,0,4,0,1
US86147A,1869-01-26,The legs of stoves ,"['The', 'legs', 'of', 'stoves']","[('The', 'DT'), ('legs', 'NN'), ('of', 'IN'), ('stoves', 'NNS')]",0,"['DET', 'NOUN', 'ADP', 'NOUN']",[],0,0,4,0,1
US86270A,1869-01-26,of enterprise ,"['of', 'enterprise']","[('of', 'IN'), ('enterprise', 'NN')]",0,"['ADP', 'NOUN']",[],0,0,2,0,1
US86286A,1869-01-26,And straightening ,"['And', 'straightening']","[('And', 'CC'), ('straightening', 'VBG')]",0,"['CCONJ', 'VERB']",[],0,0,2,0,1
US86553A,1869-02-02,The exttdable products op pine trees ,"['The', 'exttdable', 'products', 'op', 'pine', 'trees']","[('The', 'DT'), ('exttdable', 'JJ'), ('products', 'NNS'), ('op', 'JJ'), ('pine', 'NN'), ('trees', 'NNS')]",0,"['DET', 'ADJ', 'NOUN', 'NOUN', 'NOUN', 'NOUN']",[],0,0,6,0,1
US86700A,1869-02-09,And registering- faucets ,"['And', 'registering-', 'faucets']","[('And', 'CC'), ('registering-', 'JJ'), ('faucets', 'NNS')]",0,"['CCONJ', 'ADJ', 'NOUN']",[],0,0,3,0,1
US86764A,1869-02-09,The ends of cigars ,"['The', 'ends', 'of', 'cigars']","[('The', 'DT'), ('ends', 'NNS'), ('of', 'IN'), ('cigars', 'NNS')]",0,"['DET', 'NOUN', 'ADP', 'NOUN']",[],0,0,4,0,1
US86841A,1869-02-09,And rich ,"['And', 'rich']","[('And', 'CC'), ('rich', 'VB')]",0,"['CCONJ', 'ADJ']",[],0,0,2,0,1
US87387A,1869-03-02,And disintegrating ,"['And', 'disintegrating']","[('And', 'CC'), ('disintegrating', 'VBG')]",0,"['CCONJ', 'VERB']",[],0,0,2,0,1
US87778A,1869-03-16,of titusville ,"['of', 'titusville']","[('of', 'IN'), ('titusville', 'NN')]",0,"['ADP', 'NOUN']",[],0,0,2,0,1
US87825A,1869-03-16,of vtrden ,"['of', 'vtrden']","[('of', 'IN'), ('vtrden', 'NN')]",0,"['ADP', 'ADJ']",[],0,0,2,0,1
US88276A,1869-03-30,Or reducing machine ,"['Or', 'reducing', 'machine']","[('Or', 'CC'), ('reducing', 'VBG'), ('machine', 'NN')]",0,"['CCONJ', 'VERB', 'NOUN']",[],0,0,3,0,1
US88662A,1869-04-06,over acker ,"['over', 'acker']","[('over', 'IN'), ('acker', 'NN')]",0,"['ADP', 'NOUN']",[],0,0,2,0,1
US88902A,1869-04-13,The parts of machinery ,"['The', 'parts', 'of', 'machinery']","[('The', 'DT'), ('parts', 'NNS'), ('of', 'IN'), ('machinery', 'NN')]",0,"['DET', 'NOUN', 'ADP', 'NOUN']",[],0,0,4,0,1
US89480A,1869-04-27,And working butter ,"['And', 'working', 'butter']","[('And', 'CC'), ('working', 'VBG'), ('butter', 'NN')]",0,"['CCONJ', 'VERB', 'NOUN']",[],0,0,3,0,1
US89488A,1869-04-27,And sensitizing photographic paper ,"['And', 'sensitizing', 'photographic', 'paper']","[('And', 'CC'), ('sensitizing', 'VBG'), ('photographic', 'JJ'), ('paper', 'NN')]",0,"['CCONJ', 'VERB', 'ADJ', 'NOUN']",[],0,0,4,0,1
US89595A,1869-05-04,of nine elms ,"['of', 'nine', 'elms']","[('of', 'IN'), ('nine', 'CD'), ('elms', 'NNS')]",0,"['ADP', 'NUM', 'NOUN']",['CARDINAL'],0,0,3,0,1
US89715A,1869-05-04,From printed paper new plates for reprinting ,"['From', 'printed', 'paper', 'new', 'plates', 'for', 'reprinting']","[('From', 'IN'), ('printed', 'VBN'), ('paper', 'NN'), ('new', 'JJ'), ('plates', 'NNS'), ('for', 'IN'), ('reprinting', 'VBG')]",0,"['ADP', 'VERB', 'NOUN', 'ADJ', 'NOUN', 'ADP', 'VERB']",[],0,0,7,0,1
US89723A,1869-05-04,Of reading ,"['Of', 'reading']","[('Of', 'IN'), ('reading', 'NN')]",0,"['ADP', 'VERB']",[],0,0,2,0,1
US90363A,1869-05-25,The person and cutting out ladies ,"['The', 'person', 'and', 'cutting', 'out', 'ladies']","[('The', 'DT'), ('person', 'NN'), ('and', 'CC'), ('cutting', 'VBG'), ('out', 'RP'), ('ladies', 'NNS')]",0,"['DET', 'NOUN', 'CCONJ', 'VERB', 'ADP', 'NOUN']",[],0,0,6,0,1
US90434A,1869-05-25,of scran ton ,"['of', 'scran', 'ton']","[('of', 'IN'), ('scran', 'JJ'), ('ton', 'NN')]",0,"['ADP', 'NOUN', 'NOUN']",[],0,0,3,0,1
US90596A,1869-05-25,And trimming- metal ,"['And', 'trimming-', 'metal']","[('And', 'CC'), ('trimming-', 'JJ'), ('metal', 'NN')]",0,"['CCONJ', 'ADJ', 'NOUN']",[],0,0,3,0,1
US90821A,1869-06-01,And ellery b ,"['And', 'ellery', 'b']","[('And', 'CC'), ('ellery', 'NN'), ('b', 'NN')]",0,"['CCONJ', 'NOUN', 'NOUN']",[],0,0,3,0,1
US91093A,1869-06-08,And dumping coal ,"['And', 'dumping', 'coal']","[('And', 'CC'), ('dumping', 'VBG'), ('coal', 'NN')]",0,"['CCONJ', 'VERB', 'NOUN']",[],0,0,3,0,1
US91508A,1869-06-22,of marietta ,"['of', 'marietta']","[('of', 'IN'), ('marietta', 'NN')]",0,"['ADP', 'NOUN']",[],0,0,2,0,1
US91642A,1869-06-22,of schuyler s lake ,"['of', 'schuyler', 's', 'lake']","[('of', 'IN'), ('schuyler', 'NN'), ('s', 'NNS'), ('lake', 'VBP')]",0,"['ADP', 'NOUN', 'NOUN', 'NOUN']",['ORG'],0,0,4,0,1
US92004A,1869-06-29,of copenhagen ,"['of', 'copenhagen']","[('of', 'IN'), ('copenhagen', 'NN')]",0,"['ADP', 'NOUN']",[],0,0,2,0,1
US92006A,1869-06-29,The waste gases of smelting-fur ,"['The', 'waste', 'gases', 'of', 'smelting-fur']","[('The', 'DT'), ('waste', 'NN'), ('gases', 'NNS'), ('of', 'IN'), ('smelting-fur', 'NN')]",0,"['DET', 'NOUN', 'NOUN', 'ADP', 'NOUN', 'PUNCT', 'NOUN']",[],0,0,7,0,1
US92586A,1869-07-13,Oes to b ,"['Oes', 'to', 'b']","[('Oes', 'NNP'), ('to', 'TO'), ('b', 'VB')]",1,"['ADP', 'ADP', 'X']",[],0,0,3,0,1
US92723A,1869-07-20,And matthew laflin ,"['And', 'matthew', 'laflin']","[('And', 'CC'), ('matthew', 'NN'), ('laflin', 'NN')]",0,"['CCONJ', 'VERB', 'NOUN']",[],0,0,3,0,1
US92737A,1869-07-20,And baking-apparatus for preparing fuel from waste ,"['And', 'baking-apparatus', 'for', 'preparing', 'fuel', 'from', 'waste']","[('And', 'CC'), ('baking-apparatus', 'NN'), ('for', 'IN'), ('preparing', 'VBG'), ('fuel', 'NN'), ('from', 'IN'), ('waste', 'NN')]",0,"['CCONJ', 'NOUN', 'PUNCT', 'NOUN', 'ADP', 'VERB', 'NOUN', 'ADP', 'NOUN']",[],0,0,9,0,1
US93208A,1869-08-03,The cooling-tubes of bone-black fur ,"['The', 'cooling-tubes', 'of', 'bone-black', 'fur']","[('The', 'DT'), ('cooling-tubes', 'NN'), ('of', 'IN'), ('bone-black', 'NN'), ('fur', 'NN')]",0,"['DET', 'VERB', 'PUNCT', 'NOUN', 'ADP', 'NOUN', 'PUNCT', 'ADJ', 'NOUN']",[],0,0,9,0,1
US93297A,1869-08-03,of avoca ,"['of', 'avoca']","[('of', 'IN'), ('avoca', 'NN')]",0,"['ADP', 'NOUN']",[],0,0,2,0,1
US93852A,1869-08-17,And coolikg distilled water ,"['And', 'coolikg', 'distilled', 'water']","[('And', 'CC'), ('coolikg', 'VB'), ('distilled', 'JJ'), ('water', 'NN')]",0,"['CCONJ', 'NOUN', 'VERB', 'NOUN']",[],0,0,4,0,1
US94541A,1869-09-07,For cone-wheels ,"['For', 'cone-wheels']","[('For', 'IN'), ('cone-wheels', 'NNS')]",0,"['ADP', 'NOUN', 'PUNCT', 'NOUN']",[],0,0,4,0,1
US94744A,1869-09-14,Of bridgeport ,"['Of', 'bridgeport']","[('Of', 'IN'), ('bridgeport', 'NN')]",0,"['ADP', 'NOUN']",[],0,0,2,0,1
US94907A,1869-09-14,And gardner ,"['And', 'gardner']","[('And', 'CC'), ('gardner', 'NN')]",0,"['CCONJ', 'VERB']",[],0,0,2,0,1
US94909A,1869-09-14,of lansing ,"['of', 'lansing']","[('of', 'IN'), ('lansing', 'VBG')]",0,"['ADP', 'VERB']",[],0,0,2,0,1
US95341A,1869-09-28,And polishing school-slates ,"['And', 'polishing', 'school-slates']","[('And', 'CC'), ('polishing', 'VBG'), ('school-slates', 'NNS')]",0,"['CCONJ', 'VERB', 'NOUN', 'PUNCT', 'NOUN']",[],0,0,5,0,1
US95496A,1869-10-05,Of sugar ,"['Of', 'sugar']","[('Of', 'IN'), ('sugar', 'NN')]",0,"['ADP', 'NOUN']",[],0,0,2,0,1
US95516A,1869-10-05,And wrapping- webbing bootstraps ,"['And', 'wrapping-', 'webbing', 'bootstraps']","[('And', 'CC'), ('wrapping-', 'JJ'), ('webbing', 'NN'), ('bootstraps', 'NNS')]",0,"['CCONJ', 'X', 'VERB', 'NOUN']",[],0,0,4,0,1
US95568A,1869-10-05,And elliot savage ,"['And', 'elliot', 'savage']","[('And', 'CC'), ('elliot', 'JJ'), ('savage', 'NN')]",0,"['CCONJ', 'ADJ', 'NOUN']",[],0,0,3,0,1
US95607A,1869-10-05,of liberty ,"['of', 'liberty']","[('of', 'IN'), ('liberty', 'NN')]",0,"['ADP', 'NOUN']",[],0,0,2,0,1
US95725A,1869-10-12,And drying-stove ,"['And', 'drying-stove']","[('And', 'CC'), ('drying-stove', 'VB')]",0,"['CCONJ', 'VERB', 'PUNCT', 'NOUN']",[],0,0,4,0,1
US96524A,1869-11-02,The waste prom german silver and other ,"['The', 'waste', 'prom', 'german', 'silver', 'and', 'other']","[('The', 'DT'), ('waste', 'NN'), ('prom', 'JJ'), ('german', 'JJ'), ('silver', 'NN'), ('and', 'CC'), ('other', 'JJ')]",0,"['DET', 'NOUN', 'NOUN', 'ADJ', 'NOUN', 'CCONJ', 'ADJ']",['NORP'],0,0,7,0,1
US96607A,1869-11-09,And gardner d ,"['And', 'gardner', 'd']","[('And', 'CC'), ('gardner', 'NN'), ('d', 'NN')]",0,"['CCONJ', 'VERB', 'X']",[],0,0,3,0,1
US96610A,1869-11-09,An son w ,"['An', 'son', 'w']","[('An', 'DT'), ('son', 'NN'), ('w', 'NN')]",0,"['DET', 'NOUN', 'NOUN']",[],0,0,3,0,1
US96812A,1869-11-16,In the ,"['In', 'the']","[('In', 'IN'), ('the', 'DT')]",0,"['ADP', 'PRON']",[],0,0,2,0,1
US97001A,1869-11-16,To himself ,"['To', 'himself']","[('To', 'TO'), ('himself', 'PRP')]",0,"['ADP', 'PRON']",[],0,0,2,0,1
US98607A,1870-01-04,And similar coal for metallurgical ,"['And', 'similar', 'coal', 'for', 'metallurgical']","[('And', 'CC'), ('similar', 'JJ'), ('coal', 'NN'), ('for', 'IN'), ('metallurgical', 'JJ')]",0,"['CCONJ', 'ADJ', 'NOUN', 'ADP', 'ADJ']",[],0,0,5,0,1
US99501A,1870-02-01,of ottawa ,"['of', 'ottawa']","[('of', 'IN'), ('ottawa', 'NN')]",0,"['ADP', 'NOUN']",[],0,0,2,0,1
US99526A,1870-02-08,J a b e z a ,"['J', 'a', 'b', 'e', 'z', 'a']","[('J', 'NNP'), ('a', 'DT'), ('b', 'NN'), ('e', 'NN'), ('z', 'VBZ'), ('a', 'DT')]",1,"['DET', 'DET', 'NOUN', 'NOUN', 'NOUN', 'PRON']",[],0,0,6,0,1
US99613A,1870-02-08,To himself ,"['To', 'himself']","[('To', 'TO'), ('himself', 'PRP')]",0,"['ADP', 'PRON']",[],0,0,2,0,1
US99675A,1870-02-08,Of danby ,"['Of', 'danby']","[('Of', 'IN'), ('danby', 'NN')]",0,"['ADP', 'NOUN']",[],0,0,2,0,1
US99848A,1870-02-15,The graphic  ,"['The', 'graphic']","[('The', 'DT'), ('graphic', 'JJ')]",0,"['DET', 'ADJ', 'SPACE']",[],0,0,3,0,1
US99934A,1870-02-15,And fire-brick ,"['And', 'fire-brick']","[('And', 'CC'), ('fire-brick', 'NN')]",0,"['CCONJ', 'NOUN', 'PUNCT', 'NOUN']",[],0,0,4,0,1
