patent_number,date,title,tokens,nltk_pos,is_prpn_nltk,spacy_pos,spacy_label,is_prpn_spacy,is_person_spacy,spacy_pos_len,bad_endings
US100110A,1870-02-22,Geoege w ,"['Geoege', 'w']","[('Geoege', 'NNP'), ('w', 'NN')]",1,"['VERB', 'ADP']",[],0,0,2,1
US100425A,1870-03-01,Improvement in ,"['Improvement', 'in']","[('Improvement', 'NN'), ('in', 'IN')]",0,"['NOUN', 'ADP']",[],0,0,2,1
US100768A,1870-03-15,hie a m in ,"['hie', 'a', 'm', 'in']","[('hie', 'VB'), ('a', 'DT'), ('m', 'NN'), ('in', 'IN')]",0,"['INTJ', 'DET', 'NOUN', 'ADP']",[],0,0,4,1
US100788A,1870-03-15,The nor ,"['The', 'nor']","[('The', 'DT'), ('nor', 'CC')]",0,"['PRON', 'CCONJ']",[],0,0,2,1
US100906A,1870-03-15,Examijieh ,['Examijieh'],"[('Examijieh', 'NN')]",0,['CCONJ'],[],0,0,1,1
US101067A,1870-03-22,Improvement in the manufacture of iron and in the apparatus therefor ,"['Improvement', 'in', 'the', 'manufacture', 'of', 'iron', 'and', 'in', 'the', 'apparatus', 'therefor']","[('Improvement', 'NN'), ('in', 'IN'), ('the', 'DT'), ('manufacture', 'NN'), ('of', 'IN'), ('iron', 'NN'), ('and', 'CC'), ('in', 'IN'), ('the', 'DT'), ('apparatus', 'NN'), ('therefor', 'NN')]",0,"['NOUN', 'ADP', 'DET', 'NOUN', 'ADP', 'NOUN', 'CCONJ', 'ADP', 'DET', 'NOUN', 'ADP']",[],0,0,11,1
US103242A,1870-05-17,Improvement in tool-grinding- attachment to ,"['Improvement', 'in', 'tool-grinding-', 'attachment', 'to']","[('Improvement', 'NN'), ('in', 'IN'), ('tool-grinding-', 'JJ'), ('attachment', 'NN'), ('to', 'TO')]",0,"['NOUN', 'ADP', 'NOUN', 'PUNCT', 'NOUN', 'NOUN', 'ADP']",[],0,0,7,1
US105355A,1870-07-12,Improvement in ,"['Improvement', 'in']","[('Improvement', 'NN'), ('in', 'IN')]",0,"['NOUN', 'ADP']",[],0,0,2,1
US105705A,1870-07-26,Improvement in device for ,"['Improvement', 'in', 'device', 'for']","[('Improvement', 'NN'), ('in', 'IN'), ('device', 'NN'), ('for', 'IN')]",0,"['NOUN', 'ADP', 'NOUN', 'ADP']",[],0,0,4,1
US106212A,1870-08-09,Improvement in apparatus for cooling the rollers used in the manufacture of ,"['Improvement', 'in', 'apparatus', 'for', 'cooling', 'the', 'rollers', 'used', 'in', 'the', 'manufacture', 'of']","[('Improvement', 'NN'), ('in', 'IN'), ('apparatus', 'NN'), ('for', 'IN'), ('cooling', 'VBG'), ('the', 'DT'), ('rollers', 'NNS'), ('used', 'VBN'), ('in', 'IN'), ('the', 'DT'), ('manufacture', 'NN'), ('of', 'IN')]",0,"['NOUN', 'ADP', 'NOUN', 'ADP', 'VERB', 'DET', 'NOUN', 'VERB', 'ADP', 'DET', 'NOUN', 'ADP']",[],0,0,12,1
US106658A,1870-08-23,Or regulating the flow of ,"['Or', 'regulating', 'the', 'flow', 'of']","[('Or', 'CC'), ('regulating', 'VBG'), ('the', 'DT'), ('flow', 'NN'), ('of', 'IN')]",0,"['CCONJ', 'VERB', 'DET', 'NOUN', 'ADP']",[],0,0,5,1
US107794A,1870-09-27,Improvement in ,"['Improvement', 'in']","[('Improvement', 'NN'), ('in', 'IN')]",0,"['NOUN', 'ADP']",[],0,0,2,1
US109288A,1870-11-15,Improvement in ,"['Improvement', 'in']","[('Improvement', 'NN'), ('in', 'IN')]",0,"['NOUN', 'ADP']",[],0,0,2,1
US109350A,1870-11-15,Improvement in ,"['Improvement', 'in']","[('Improvement', 'NN'), ('in', 'IN')]",0,"['NOUN', 'ADP']",[],0,0,2,1
US109454A,1870-11-22,Improvement in ,"['Improvement', 'in']","[('Improvement', 'NN'), ('in', 'IN')]",0,"['NOUN', 'ADP']",[],0,0,2,1
US109577A,1870-11-29,Improvement in machines for ,"['Improvement', 'in', 'machines', 'for']","[('Improvement', 'NN'), ('in', 'IN'), ('machines', 'NNS'), ('for', 'IN')]",0,"['NOUN', 'ADP', 'NOUN', 'ADP']",[],0,0,4,1
US110268A,1870-12-20,Improvement in the modes of ,"['Improvement', 'in', 'the', 'modes', 'of']","[('Improvement', 'NN'), ('in', 'IN'), ('the', 'DT'), ('modes', 'NNS'), ('of', 'IN')]",0,"['NOUN', 'ADP', 'DET', 'NOUN', 'ADP']",[],0,0,5,1
US111022A,1871-01-17,Improvement in shank-pieces fo ,"['Improvement', 'in', 'shank-pieces', 'fo']","[('Improvement', 'NN'), ('in', 'IN'), ('shank-pieces', 'NNS'), ('fo', 'NNS')]",0,"['NOUN', 'ADP', 'NOUN', 'PUNCT', 'NOUN', 'ADP']",[],0,0,6,1
US111135A,1871-01-24,Improvement in chair-clamps fo ,"['Improvement', 'in', 'chair-clamps', 'fo']","[('Improvement', 'NN'), ('in', 'IN'), ('chair-clamps', 'JJ'), ('fo', 'NN')]",0,"['NOUN', 'ADP', 'NOUN', 'PUNCT', 'NOUN', 'ADP']",[],0,0,6,1
US111248A,1871-01-24,Improvement in machines for cutting screw-threads on ,"['Improvement', 'in', 'machines', 'for', 'cutting', 'screw-threads', 'on']","[('Improvement', 'NN'), ('in', 'IN'), ('machines', 'NNS'), ('for', 'IN'), ('cutting', 'VBG'), ('screw-threads', 'NNS'), ('on', 'IN')]",0,"['NOUN', 'ADP', 'NOUN', 'ADP', 'VERB', 'NOUN', 'PUNCT', 'NOUN', 'ADP']",[],0,0,9,1
US112024A,1871-02-21,Improvement in patterns for ,"['Improvement', 'in', 'patterns', 'for']","[('Improvement', 'NN'), ('in', 'IN'), ('patterns', 'NNS'), ('for', 'IN')]",0,"['NOUN', 'ADP', 'NOUN', 'ADP']",[],0,0,4,1
US112606A,1871-03-14,Improvement in processes of refining and whitening the products from sulphurets of ,"['Improvement', 'in', 'processes', 'of', 'refining', 'and', 'whitening', 'the', 'products', 'from', 'sulphurets', 'of']","[('Improvement', 'NN'), ('in', 'IN'), ('processes', 'NNS'), ('of', 'IN'), ('refining', 'NN'), ('and', 'CC'), ('whitening', 'VBG'), ('the', 'DT'), ('products', 'NNS'), ('from', 'IN'), ('sulphurets', 'NNS'), ('of', 'IN')]",0,"['NOUN', 'ADP', 'NOUN', 'ADP', 'VERB', 'CCONJ', 'VERB', 'DET', 'NOUN', 'ADP', 'NOUN', 'ADP']",[],0,0,12,1
US114400A,1871-05-02,Improvement in ,"['Improvement', 'in']","[('Improvement', 'NN'), ('in', 'IN')]",0,"['NOUN', 'ADP']",[],0,0,2,1
US114866A,1871-05-16,Improvement in modes of ,"['Improvement', 'in', 'modes', 'of']","[('Improvement', 'NN'), ('in', 'IN'), ('modes', 'NNS'), ('of', 'IN')]",0,"['NOUN', 'ADP', 'NOUN', 'ADP']",[],0,0,4,1
US115392A,1871-05-30,Chaeles w ,"['Chaeles', 'w']","[('Chaeles', 'NNS'), ('w', 'VBP')]",0,"['VERB', 'ADP']",[],0,0,2,1
US115705A,1871-06-06,Improvement in ,"['Improvement', 'in']","[('Improvement', 'NN'), ('in', 'IN')]",0,"['NOUN', 'ADP']",[],0,0,2,1
US115789A,1871-06-06,Improvement in ,"['Improvement', 'in']","[('Improvement', 'NN'), ('in', 'IN')]",0,"['NOUN', 'ADP']",[],0,0,2,1
US115944A,1871-06-13,Improvement in devices for ,"['Improvement', 'in', 'devices', 'for']","[('Improvement', 'NN'), ('in', 'IN'), ('devices', 'NNS'), ('for', 'IN')]",0,"['NOUN', 'ADP', 'NOUN', 'ADP']",[],0,0,4,1
US116053A,1871-06-20,Improvement in apparatus for cooling and discharging beer and other liquids on ,"['Improvement', 'in', 'apparatus', 'for', 'cooling', 'and', 'discharging', 'beer', 'and', 'other', 'liquids', 'on']","[('Improvement', 'NN'), ('in', 'IN'), ('apparatus', 'NN'), ('for', 'IN'), ('cooling', 'VBG'), ('and', 'CC'), ('discharging', 'VBG'), ('beer', 'NN'), ('and', 'CC'), ('other', 'JJ'), ('liquids', 'NNS'), ('on', 'IN')]",0,"['NOUN', 'ADP', 'NOUN', 'ADP', 'VERB', 'CCONJ', 'VERB', 'NOUN', 'CCONJ', 'ADJ', 'NOUN', 'ADP']",[],0,0,12,1
US116943A,1871-07-11,Improvement in ,"['Improvement', 'in']","[('Improvement', 'NN'), ('in', 'IN')]",0,"['NOUN', 'ADP']",[],0,0,2,1
US117998A,1871-08-15,Improvement in methods and apparatus for separating certain hydrocarbon vapors from ,"['Improvement', 'in', 'methods', 'and', 'apparatus', 'for', 'separating', 'certain', 'hydrocarbon', 'vapors', 'from']","[('Improvement', 'NN'), ('in', 'IN'), ('methods', 'NNS'), ('and', 'CC'), ('apparatus', 'NN'), ('for', 'IN'), ('separating', 'VBG'), ('certain', 'JJ'), ('hydrocarbon', 'NN'), ('vapors', 'NNS'), ('from', 'IN')]",0,"['NOUN', 'ADP', 'NOUN', 'CCONJ', 'NOUN', 'ADP', 'VERB', 'ADJ', 'NOUN', 'NOUN', 'ADP']",[],0,0,11,1
US118041A,1871-08-15,Improvement in ,"['Improvement', 'in']","[('Improvement', 'NN'), ('in', 'IN')]",0,"['NOUN', 'ADP']",[],0,0,2,1
US118812A,1871-09-12,Improvement in medical compounds or ,"['Improvement', 'in', 'medical', 'compounds', 'or']","[('Improvement', 'NN'), ('in', 'IN'), ('medical', 'JJ'), ('compounds', 'NNS'), ('or', 'CC')]",0,"['NOUN', 'ADP', 'ADJ', 'NOUN', 'CCONJ']",[],0,0,5,1
US119301A,1871-09-26,Improvement in medical compounds for ,"['Improvement', 'in', 'medical', 'compounds', 'for']","[('Improvement', 'NN'), ('in', 'IN'), ('medical', 'JJ'), ('compounds', 'NNS'), ('for', 'IN')]",0,"['NOUN', 'ADP', 'ADJ', 'NOUN', 'ADP']",[],0,0,5,1
US119857A,1871-10-10,Improvement in trucks for ,"['Improvement', 'in', 'trucks', 'for']","[('Improvement', 'NN'), ('in', 'IN'), ('trucks', 'NNS'), ('for', 'IN')]",0,"['NOUN', 'ADP', 'NOUN', 'ADP']",[],0,0,4,1
US120817A,1871-11-14,Improvement in ,"['Improvement', 'in']","[('Improvement', 'NN'), ('in', 'IN')]",0,"['NOUN', 'ADP']",[],0,0,2,1
US120857A,1871-11-14,Improvement in ,"['Improvement', 'in']","[('Improvement', 'NN'), ('in', 'IN')]",0,"['NOUN', 'ADP']",[],0,0,2,1
US121118A,1871-11-21,Improvement in cements and in ,"['Improvement', 'in', 'cements', 'and', 'in']","[('Improvement', 'NN'), ('in', 'IN'), ('cements', 'NNS'), ('and', 'CC'), ('in', 'IN')]",0,"['NOUN', 'ADP', 'NOUN', 'CCONJ', 'ADP']",[],0,0,5,1
US121475A,1871-12-05,Improvement in the mode of ,"['Improvement', 'in', 'the', 'mode', 'of']","[('Improvement', 'NN'), ('in', 'IN'), ('the', 'DT'), ('mode', 'NN'), ('of', 'IN')]",0,"['NOUN', 'ADP', 'DET', 'NOUN', 'ADP']",[],0,0,5,1
US122052A,1871-12-19,Improvement in plant for ,"['Improvement', 'in', 'plant', 'for']","[('Improvement', 'NN'), ('in', 'IN'), ('plant', 'NN'), ('for', 'IN')]",0,"['NOUN', 'ADP', 'NOUN', 'ADP']",[],0,0,4,1
US122379A,1872-01-02,Improvement in ,"['Improvement', 'in']","[('Improvement', 'NN'), ('in', 'IN')]",0,"['NOUN', 'ADP']",[],0,0,2,1
US122399A,1872-01-02,Improvement in ,"['Improvement', 'in']","[('Improvement', 'NN'), ('in', 'IN')]",0,"['NOUN', 'ADP']",[],0,0,2,1
US122553A,1872-01-09,Improvement in ,"['Improvement', 'in']","[('Improvement', 'NN'), ('in', 'IN')]",0,"['NOUN', 'ADP']",[],0,0,2,1
US122878A,1872-01-23,Improvement in apparatus for expressing the juice from ,"['Improvement', 'in', 'apparatus', 'for', 'expressing', 'the', 'juice', 'from']","[('Improvement', 'NN'), ('in', 'IN'), ('apparatus', 'NN'), ('for', 'IN'), ('expressing', 'VBG'), ('the', 'DT'), ('juice', 'NN'), ('from', 'IN')]",0,"['NOUN', 'ADP', 'NOUN', 'ADP', 'VERB', 'DET', 'NOUN', 'ADP']",[],0,0,8,1
US122938A,1872-01-23,Improvement in ,"['Improvement', 'in']","[('Improvement', 'NN'), ('in', 'IN')]",0,"['NOUN', 'ADP']",[],0,0,2,1
US123511A,1872-02-06,Geoege w ,"['Geoege', 'w']","[('Geoege', 'NNP'), ('w', 'NN')]",1,"['VERB', 'ADP']",[],0,0,2,1
US123540A,1872-02-06,Improvement in ,"['Improvement', 'in']","[('Improvement', 'NN'), ('in', 'IN')]",0,"['NOUN', 'ADP']",[],0,0,2,1
US123815A,1872-02-20,Improvement in brushes for ,"['Improvement', 'in', 'brushes', 'for']","[('Improvement', 'NN'), ('in', 'IN'), ('brushes', 'NNS'), ('for', 'IN')]",0,"['NOUN', 'ADP', 'NOUN', 'ADP']",[],0,0,4,1
US124272A,1872-03-05,Improvement in ,"['Improvement', 'in']","[('Improvement', 'NN'), ('in', 'IN')]",0,"['NOUN', 'ADP']",[],0,0,2,1
US124368A,1872-03-05,Improvement in ,"['Improvement', 'in']","[('Improvement', 'NN'), ('in', 'IN')]",0,"['NOUN', 'ADP']",[],0,0,2,1
US125909A,1872-04-23,Improvement in blanks of which to construct integrally the land-sides and shares of ,"['Improvement', 'in', 'blanks', 'of', 'which', 'to', 'construct', 'integrally', 'the', 'land-sides', 'and', 'shares', 'of']","[('Improvement', 'NN'), ('in', 'IN'), ('blanks', 'NNS'), ('of', 'IN'), ('which', 'WDT'), ('to', 'TO'), ('construct', 'VB'), ('integrally', 'RB'), ('the', 'DT'), ('land-sides', 'NNS'), ('and', 'CC'), ('shares', 'NNS'), ('of', 'IN')]",0,"['NOUN', 'ADP', 'NOUN', 'ADP', 'PRON', 'PART', 'VERB', 'ADV', 'DET', 'NOUN', 'PUNCT', 'NOUN', 'CCONJ', 'NOUN', 'ADP']",[],0,0,15,1
US126803A,1872-05-14,Improvement in ,"['Improvement', 'in']","[('Improvement', 'NN'), ('in', 'IN')]",0,"['NOUN', 'ADP']",[],0,0,2,1
US126812A,1872-05-14,Improvement in modes of ,"['Improvement', 'in', 'modes', 'of']","[('Improvement', 'NN'), ('in', 'IN'), ('modes', 'NNS'), ('of', 'IN')]",0,"['NOUN', 'ADP', 'NOUN', 'ADP']",[],0,0,4,1
US127123A,1872-05-21,Improvement in apparatus for ,"['Improvement', 'in', 'apparatus', 'for']","[('Improvement', 'NN'), ('in', 'IN'), ('apparatus', 'NN'), ('for', 'IN')]",0,"['NOUN', 'ADP', 'NOUN', 'ADP']",[],0,0,4,1
US127158A,1872-05-28,Improvement in hemming and binding attachments for ,"['Improvement', 'in', 'hemming', 'and', 'binding', 'attachments', 'for']","[('Improvement', 'NN'), ('in', 'IN'), ('hemming', 'VBG'), ('and', 'CC'), ('binding', 'VBG'), ('attachments', 'NNS'), ('for', 'IN')]",0,"['NOUN', 'ADP', 'VERB', 'CCONJ', 'VERB', 'NOUN', 'ADP']",[],0,0,7,1
US127905A,1872-06-11,Geoege w ,"['Geoege', 'w']","[('Geoege', 'NNP'), ('w', 'NN')]",1,"['VERB', 'ADP']",[],0,0,2,1
US128142A,1872-06-18,Improvement in ,"['Improvement', 'in']","[('Improvement', 'NN'), ('in', 'IN')]",0,"['NOUN', 'ADP']",[],0,0,2,1
US128778A,1872-07-09,Improvement in ,"['Improvement', 'in']","[('Improvement', 'NN'), ('in', 'IN')]",0,"['NOUN', 'ADP']",[],0,0,2,1
US128865A,1872-07-09,Improvement in ,"['Improvement', 'in']","[('Improvement', 'NN'), ('in', 'IN')]",0,"['NOUN', 'ADP']",[],0,0,2,1
US128884A,1872-07-09,Improvement in casters for ,"['Improvement', 'in', 'casters', 'for']","[('Improvement', 'NN'), ('in', 'IN'), ('casters', 'NNS'), ('for', 'IN')]",0,"['NOUN', 'ADP', 'NOUN', 'ADP']",[],0,0,4,1
US129289A,1872-07-16,Improvement in ,"['Improvement', 'in']","[('Improvement', 'NN'), ('in', 'IN')]",0,"['NOUN', 'ADP']",[],0,0,2,1
US129824A,1872-07-23,Improvement in machines for trimming bo ,"['Improvement', 'in', 'machines', 'for', 'trimming', 'bo']","[('Improvement', 'NN'), ('in', 'IN'), ('machines', 'NNS'), ('for', 'IN'), ('trimming', 'VBG'), ('bo', 'NN')]",0,"['NOUN', 'ADP', 'NOUN', 'ADP', 'VERB', 'ADP']",[],0,0,6,1
US129966A,1872-07-30,Improvement in ,"['Improvement', 'in']","[('Improvement', 'NN'), ('in', 'IN')]",0,"['NOUN', 'ADP']",[],0,0,2,1
US130124A,1872-08-06,Improvement in ,"['Improvement', 'in']","[('Improvement', 'NN'), ('in', 'IN')]",0,"['NOUN', 'ADP']",[],0,0,2,1
US130142A,1872-08-06,Improvement in ,"['Improvement', 'in']","[('Improvement', 'NN'), ('in', 'IN')]",0,"['NOUN', 'ADP']",[],0,0,2,1
US130505A,1872-08-13,Improvement in ,"['Improvement', 'in']","[('Improvement', 'NN'), ('in', 'IN')]",0,"['NOUN', 'ADP']",[],0,0,2,1
US130529A,1872-08-13,Improvement in ,"['Improvement', 'in']","[('Improvement', 'NN'), ('in', 'IN')]",0,"['NOUN', 'ADP']",[],0,0,2,1
US130663A,1872-08-20,Improvement in treating asbestus and obtaining useful products therefrom ,"['Improvement', 'in', 'treating', 'asbestus', 'and', 'obtaining', 'useful', 'products', 'therefrom']","[('Improvement', 'NN'), ('in', 'IN'), ('treating', 'VBG'), ('asbestus', 'NN'), ('and', 'CC'), ('obtaining', 'VBG'), ('useful', 'JJ'), ('products', 'NNS'), ('therefrom', 'IN')]",0,"['NOUN', 'ADP', 'VERB', 'NOUN', 'CCONJ', 'VERB', 'ADJ', 'NOUN', 'ADP']",[],0,0,9,1
US130725A,1872-08-20,Improvement in ,"['Improvement', 'in']","[('Improvement', 'NN'), ('in', 'IN')]",0,"['NOUN', 'ADP']",[],0,0,2,1
US130875A,1872-08-27,Improvement in ,"['Improvement', 'in']","[('Improvement', 'NN'), ('in', 'IN')]",0,"['NOUN', 'ADP']",[],0,0,2,1
US131762A,1872-10-01,Improvelvlenf in ,"['Improvelvlenf', 'in']","[('Improvelvlenf', 'NNP'), ('in', 'IN')]",1,"['ADJ', 'ADP']",[],0,0,2,1
US132531A,1872-10-29,Improvement in square-topped or ,"['Improvement', 'in', 'square-topped', 'or']","[('Improvement', 'NN'), ('in', 'IN'), ('square-topped', 'JJ'), ('or', 'CC')]",0,"['NOUN', 'ADP', 'NOUN', 'PUNCT', 'VERB', 'CCONJ']",[],0,0,6,1
US132932A,1872-11-12,Improvement in duplex telegraph instruments and circuits therefor ,"['Improvement', 'in', 'duplex', 'telegraph', 'instruments', 'and', 'circuits', 'therefor']","[('Improvement', 'NN'), ('in', 'IN'), ('duplex', 'JJ'), ('telegraph', 'NN'), ('instruments', 'NNS'), ('and', 'CC'), ('circuits', 'NNS'), ('therefor', 'VBP')]",0,"['NOUN', 'ADP', 'NOUN', 'NOUN', 'NOUN', 'CCONJ', 'NOUN', 'ADP']",[],0,0,8,1
US132942A,1872-11-12,Chaeles w ,"['Chaeles', 'w']","[('Chaeles', 'NNS'), ('w', 'VBP')]",0,"['VERB', 'ADP']",[],0,0,2,1
US133623A,1872-12-03,Andeeas w ,"['Andeeas', 'w']","[('Andeeas', 'NNP'), ('w', 'NN')]",1,"['VERB', 'ADP']",[],0,0,2,1
US133690A,1872-12-03,Improvement in refining iron and steel in ,"['Improvement', 'in', 'refining', 'iron', 'and', 'steel', 'in']","[('Improvement', 'NN'), ('in', 'IN'), ('refining', 'NN'), ('iron', 'NN'), ('and', 'CC'), ('steel', 'NN'), ('in', 'IN')]",0,"['NOUN', 'ADP', 'VERB', 'NOUN', 'CCONJ', 'NOUN', 'ADP']",[],0,0,7,1
US133716A,1872-12-10,Improvement in devices for ,"['Improvement', 'in', 'devices', 'for']","[('Improvement', 'NN'), ('in', 'IN'), ('devices', 'NNS'), ('for', 'IN')]",0,"['NOUN', 'ADP', 'NOUN', 'ADP']",[],0,0,4,1
US133796A,1872-12-10,Improvement in ,"['Improvement', 'in']","[('Improvement', 'NN'), ('in', 'IN')]",0,"['NOUN', 'ADP']",[],0,0,2,1
US133969A,1872-12-17,Improvement in the manufacture of pyroxyline and articles therefrom ,"['Improvement', 'in', 'the', 'manufacture', 'of', 'pyroxyline', 'and', 'articles', 'therefrom']","[('Improvement', 'NN'), ('in', 'IN'), ('the', 'DT'), ('manufacture', 'NN'), ('of', 'IN'), ('pyroxyline', 'NN'), ('and', 'CC'), ('articles', 'NNS'), ('therefrom', 'IN')]",0,"['NOUN', 'ADP', 'DET', 'NOUN', 'ADP', 'NOUN', 'CCONJ', 'NOUN', 'ADP']",[],0,0,9,1
US134447A,1872-12-31,Improvement in ,"['Improvement', 'in']","[('Improvement', 'NN'), ('in', 'IN')]",0,"['NOUN', 'ADP']",[],0,0,2,1
US135381A,1873-01-28,Improvement in ,"['Improvement', 'in']","[('Improvement', 'NN'), ('in', 'IN')]",0,"['NOUN', 'ADP']",[],0,0,2,1
US135622A,1873-02-11,Improvement in ,"['Improvement', 'in']","[('Improvement', 'NN'), ('in', 'IN')]",0,"['NOUN', 'ADP']",[],0,0,2,1
US136206A,1873-02-25,Improvement in ,"['Improvement', 'in']","[('Improvement', 'NN'), ('in', 'IN')]",0,"['NOUN', 'ADP']",[],0,0,2,1
US138048A,1873-04-22,Improvement in ,"['Improvement', 'in']","[('Improvement', 'NN'), ('in', 'IN')]",0,"['NOUN', 'ADP']",[],0,0,2,1
US138218A,1873-04-22,Improvement in ,"['Improvement', 'in']","[('Improvement', 'NN'), ('in', 'IN')]",0,"['NOUN', 'ADP']",[],0,0,2,1
US138633A,1873-05-06,Improvement in packings for pistons and stop-va es ,"['Improvement', 'in', 'packings', 'for', 'pistons', 'and', 'stop-va', 'es']","[('Improvement', 'NN'), ('in', 'IN'), ('packings', 'NNS'), ('for', 'IN'), ('pistons', 'NNS'), ('and', 'CC'), ('stop-va', 'JJ'), ('es', 'NN')]",0,"['NOUN', 'ADP', 'NOUN', 'ADP', 'NOUN', 'CCONJ', 'VERB', 'PUNCT', 'NOUN', 'ADP']",[],0,0,10,1
US138634A,1873-05-06,Chaeles w ,"['Chaeles', 'w']","[('Chaeles', 'NNS'), ('w', 'VBP')]",0,"['VERB', 'ADP']",[],0,0,2,1
US138635A,1873-05-06,Improvement in tuck-markers for sewing-machi es ,"['Improvement', 'in', 'tuck-markers', 'for', 'sewing-machi', 'es']","[('Improvement', 'NN'), ('in', 'IN'), ('tuck-markers', 'NNS'), ('for', 'IN'), ('sewing-machi', 'JJ'), ('es', 'NN')]",0,"['NOUN', 'ADP', 'NOUN', 'PUNCT', 'NOUN', 'ADP', 'NOUN', 'PUNCT', 'NOUN', 'ADP']",[],0,0,10,1
US138637A,1873-05-06,Improvement in presser-feet for sewing-machi es ,"['Improvement', 'in', 'presser-feet', 'for', 'sewing-machi', 'es']","[('Improvement', 'NN'), ('in', 'IN'), ('presser-feet', 'NN'), ('for', 'IN'), ('sewing-machi', 'JJ'), ('es', 'NN')]",0,"['NOUN', 'ADP', 'NOUN', 'PUNCT', 'NOUN', 'ADP', 'NOUN', 'PUNCT', 'NOUN', 'ADP']",[],0,0,10,1
US138793A,1873-05-13,Improvement in devices for ,"['Improvement', 'in', 'devices', 'for']","[('Improvement', 'NN'), ('in', 'IN'), ('devices', 'NNS'), ('for', 'IN')]",0,"['NOUN', 'ADP', 'NOUN', 'ADP']",[],0,0,4,1
US139690A,1873-06-10,Improvement in printing and dial telegraphs and circuits therefor ,"['Improvement', 'in', 'printing', 'and', 'dial', 'telegraphs', 'and', 'circuits', 'therefor']","[('Improvement', 'NN'), ('in', 'IN'), ('printing', 'NN'), ('and', 'CC'), ('dial', 'JJ'), ('telegraphs', 'NN'), ('and', 'CC'), ('circuits', 'NNS'), ('therefor', 'VBP')]",0,"['NOUN', 'ADP', 'NOUN', 'CCONJ', 'NOUN', 'NOUN', 'CCONJ', 'NOUN', 'ADP']",[],0,0,9,1
US140315A,1873-06-24,Improvement in ,"['Improvement', 'in']","[('Improvement', 'NN'), ('in', 'IN')]",0,"['NOUN', 'ADP']",[],0,0,2,1
US140461A,1873-07-01,Improvement in apparatus and processes for extracting saccharine matter from ,"['Improvement', 'in', 'apparatus', 'and', 'processes', 'for', 'extracting', 'saccharine', 'matter', 'from']","[('Improvement', 'NN'), ('in', 'IN'), ('apparatus', 'NN'), ('and', 'CC'), ('processes', 'NNS'), ('for', 'IN'), ('extracting', 'VBG'), ('saccharine', 'JJ'), ('matter', 'NN'), ('from', 'IN')]",0,"['NOUN', 'ADP', 'NOUN', 'CCONJ', 'NOUN', 'ADP', 'VERB', 'NOUN', 'NOUN', 'ADP']",[],0,0,10,1
US140680A,1873-07-08,Improvement in ,"['Improvement', 'in']","[('Improvement', 'NN'), ('in', 'IN')]",0,"['NOUN', 'ADP']",[],0,0,2,1
US140759A,1873-07-15,Improvement in treating bessemer steel and other metals to anneal them for ,"['Improvement', 'in', 'treating', 'bessemer', 'steel', 'and', 'other', 'metals', 'to', 'anneal', 'them', 'for']","[('Improvement', 'NN'), ('in', 'IN'), ('treating', 'VBG'), ('bessemer', 'NN'), ('steel', 'NN'), ('and', 'CC'), ('other', 'JJ'), ('metals', 'NNS'), ('to', 'TO'), ('anneal', 'VB'), ('them', 'PRP'), ('for', 'IN')]",0,"['NOUN', 'ADP', 'VERB', 'NOUN', 'NOUN', 'CCONJ', 'ADJ', 'NOUN', 'PART', 'VERB', 'PRON', 'ADP']",[],0,0,12,1
US141070A,1873-07-22,Improvement in ,"['Improvement', 'in']","[('Improvement', 'NN'), ('in', 'IN')]",0,"['NOUN', 'ADP']",[],0,0,2,1
US142208A,1873-08-26,Improvement in ,"['Improvement', 'in']","[('Improvement', 'NN'), ('in', 'IN')]",0,"['NOUN', 'ADP']",[],0,0,2,1
US143251A,1873-09-30,Improvement in ordnance and projectiles therefor ,"['Improvement', 'in', 'ordnance', 'and', 'projectiles', 'therefor']","[('Improvement', 'NN'), ('in', 'IN'), ('ordnance', 'NN'), ('and', 'CC'), ('projectiles', 'NNS'), ('therefor', 'VBP')]",0,"['NOUN', 'ADP', 'NOUN', 'CCONJ', 'NOUN', 'ADP']",[],0,0,6,1
US143691A,1873-10-14,Improvement in electrical and thermostatic fire-alarms and circuits therefor ,"['Improvement', 'in', 'electrical', 'and', 'thermostatic', 'fire-alarms', 'and', 'circuits', 'therefor']","[('Improvement', 'NN'), ('in', 'IN'), ('electrical', 'JJ'), ('and', 'CC'), ('thermostatic', 'JJ'), ('fire-alarms', 'NNS'), ('and', 'CC'), ('circuits', 'NNS'), ('therefor', 'VBP')]",0,"['NOUN', 'ADP', 'ADJ', 'CCONJ', 'ADJ', 'NOUN', 'PUNCT', 'NOUN', 'CCONJ', 'NOUN', 'ADP']",[],0,0,11,1
US143829A,1873-10-21,Improvement in ,"['Improvement', 'in']","[('Improvement', 'NN'), ('in', 'IN')]",0,"['NOUN', 'ADP']",[],0,0,2,1
US143873A,1873-10-21,Improvement in means of raising floating timber and loading vessels therewith ,"['Improvement', 'in', 'means', 'of', 'raising', 'floating', 'timber', 'and', 'loading', 'vessels', 'therewith']","[('Improvement', 'NN'), ('in', 'IN'), ('means', 'NNS'), ('of', 'IN'), ('raising', 'VBG'), ('floating', 'VBG'), ('timber', 'NN'), ('and', 'CC'), ('loading', 'NN'), ('vessels', 'NNS'), ('therewith', 'VBP')]",0,"['NOUN', 'ADP', 'NOUN', 'ADP', 'VERB', 'VERB', 'NOUN', 'CCONJ', 'NOUN', 'NOUN', 'ADP']",[],0,0,11,1
US144840A,1873-11-25,Improvement in apparatus for delivering and drawing long-fibered wool after ,"['Improvement', 'in', 'apparatus', 'for', 'delivering', 'and', 'drawing', 'long-fibered', 'wool', 'after']","[('Improvement', 'NN'), ('in', 'IN'), ('apparatus', 'NN'), ('for', 'IN'), ('delivering', 'VBG'), ('and', 'CC'), ('drawing', 'VBG'), ('long-fibered', 'JJ'), ('wool', 'NN'), ('after', 'IN')]",0,"['NOUN', 'ADP', 'NOUN', 'ADP', 'VERB', 'CCONJ', 'VERB', 'ADV', 'PUNCT', 'VERB', 'NOUN', 'ADP']",[],0,0,12,1
US145568A,1873-12-16,Improvement in heating air and supplying boilers therewith ,"['Improvement', 'in', 'heating', 'air', 'and', 'supplying', 'boilers', 'therewith']","[('Improvement', 'NN'), ('in', 'IN'), ('heating', 'VBG'), ('air', 'NN'), ('and', 'CC'), ('supplying', 'VBG'), ('boilers', 'NNS'), ('therewith', 'VBP')]",0,"['NOUN', 'ADP', 'NOUN', 'NOUN', 'CCONJ', 'VERB', 'NOUN', 'ADP']",[],0,0,8,1
US145784A,1873-12-23,Improvement in furnaces for ,"['Improvement', 'in', 'furnaces', 'for']","[('Improvement', 'NN'), ('in', 'IN'), ('furnaces', 'NNS'), ('for', 'IN')]",0,"['NOUN', 'ADP', 'NOUN', 'ADP']",[],0,0,4,1
US146183A,1874-01-06,Improvement in brushes for ,"['Improvement', 'in', 'brushes', 'for']","[('Improvement', 'NN'), ('in', 'IN'), ('brushes', 'NNS'), ('for', 'IN')]",0,"['NOUN', 'ADP', 'NOUN', 'ADP']",[],0,0,4,1
US146474A,1874-01-13,Geoege w ,"['Geoege', 'w']","[('Geoege', 'NNP'), ('w', 'NN')]",1,"['VERB', 'ADP']",[],0,0,2,1
US146651A,1874-01-20,Improvement in stocks for ,"['Improvement', 'in', 'stocks', 'for']","[('Improvement', 'NN'), ('in', 'IN'), ('stocks', 'NNS'), ('for', 'IN')]",0,"['NOUN', 'ADP', 'NOUN', 'ADP']",[],0,0,4,1
US146664A,1874-01-20,Improvement in ,"['Improvement', 'in']","[('Improvement', 'NN'), ('in', 'IN')]",0,"['NOUN', 'ADP']",[],0,0,2,1
US146720A,1874-01-20,Improvement in processes for making statuary and compositions therefor ,"['Improvement', 'in', 'processes', 'for', 'making', 'statuary', 'and', 'compositions', 'therefor']","[('Improvement', 'NN'), ('in', 'IN'), ('processes', 'NNS'), ('for', 'IN'), ('making', 'VBG'), ('statuary', 'JJ'), ('and', 'CC'), ('compositions', 'NNS'), ('therefor', 'VBP')]",0,"['NOUN', 'ADP', 'NOUN', 'ADP', 'VERB', 'ADJ', 'CCONJ', 'NOUN', 'ADP']",[],0,0,9,1
US147559A,1874-02-17,Improvement in ,"['Improvement', 'in']","[('Improvement', 'NN'), ('in', 'IN')]",0,"['NOUN', 'ADP']",[],0,0,2,1
US148608A,1874-03-17,Improvement in automatic fire-alarms and circuits therefor ,"['Improvement', 'in', 'automatic', 'fire-alarms', 'and', 'circuits', 'therefor']","[('Improvement', 'NN'), ('in', 'IN'), ('automatic', 'JJ'), ('fire-alarms', 'NNS'), ('and', 'CC'), ('circuits', 'NNS'), ('therefor', 'VBP')]",0,"['NOUN', 'ADP', 'ADJ', 'NOUN', 'PUNCT', 'NOUN', 'CCONJ', 'NOUN', 'ADP']",[],0,0,9,1
US149242A,1874-03-31,Improvement in the manufacture of iron and steel and furnaces therefor ,"['Improvement', 'in', 'the', 'manufacture', 'of', 'iron', 'and', 'steel', 'and', 'furnaces', 'therefor']","[('Improvement', 'NN'), ('in', 'IN'), ('the', 'DT'), ('manufacture', 'NN'), ('of', 'IN'), ('iron', 'NN'), ('and', 'CC'), ('steel', 'NN'), ('and', 'CC'), ('furnaces', 'NNS'), ('therefor', 'VBP')]",0,"['NOUN', 'ADP', 'DET', 'NOUN', 'ADP', 'NOUN', 'CCONJ', 'NOUN', 'CCONJ', 'NOUN', 'ADP']",[],0,0,11,1
US149467A,1874-04-07,Improvement in the processes of ,"['Improvement', 'in', 'the', 'processes', 'of']","[('Improvement', 'NN'), ('in', 'IN'), ('the', 'DT'), ('processes', 'NNS'), ('of', 'IN')]",0,"['NOUN', 'ADP', 'DET', 'NOUN', 'ADP']",[],0,0,5,1
US149813A,1874-04-14,Improvement in ,"['Improvement', 'in']","[('Improvement', 'NN'), ('in', 'IN')]",0,"['NOUN', 'ADP']",[],0,0,2,1
US149980A,1874-04-21,I in vent of ,"['I', 'in', 'vent', 'of']","[('I', 'PRP'), ('in', 'IN'), ('vent', 'NN'), ('of', 'IN')]",0,"['PRON', 'ADP', 'NOUN', 'ADP']",[],0,0,4,1
US150206A,1874-04-28,Improvement in ,"['Improvement', 'in']","[('Improvement', 'NN'), ('in', 'IN')]",0,"['NOUN', 'ADP']",[],0,0,2,1
US150796A,1874-05-12,Improvement in machines for ,"['Improvement', 'in', 'machines', 'for']","[('Improvement', 'NN'), ('in', 'IN'), ('machines', 'NNS'), ('for', 'IN')]",0,"['NOUN', 'ADP', 'NOUN', 'ADP']",[],0,0,4,1
US151209A,1874-05-26,Improvement in automatic telegraphy and in perforators therefor ,"['Improvement', 'in', 'automatic', 'telegraphy', 'and', 'in', 'perforators', 'therefor']","[('Improvement', 'NN'), ('in', 'IN'), ('automatic', 'JJ'), ('telegraphy', 'NN'), ('and', 'CC'), ('in', 'IN'), ('perforators', 'NNS'), ('therefor', 'VBP')]",0,"['NOUN', 'ADP', 'ADJ', 'NOUN', 'CCONJ', 'ADP', 'NOUN', 'ADP']",[],0,0,8,1
US151534A,1874-06-02,Improvement in ,"['Improvement', 'in']","[('Improvement', 'NN'), ('in', 'IN')]",0,"['NOUN', 'ADP']",[],0,0,2,1
US153210A,1874-07-21,weber ,['weber'],"[('weber', 'NN')]",0,['ADP'],[],0,0,1,1
US153362A,1874-07-21,Improvement in ,"['Improvement', 'in']","[('Improvement', 'NN'), ('in', 'IN')]",0,"['NOUN', 'ADP']",[],0,0,2,1
US153760A,1874-08-04,Improvement in ,"['Improvement', 'in']","[('Improvement', 'NN'), ('in', 'IN')]",0,"['NOUN', 'ADP']",[],0,0,2,1
US154020A,1874-08-11,Improvement in ,"['Improvement', 'in']","[('Improvement', 'NN'), ('in', 'IN')]",0,"['NOUN', 'ADP']",[],0,0,2,1
US154690A,1874-09-01,Improvement in machines for ,"['Improvement', 'in', 'machines', 'for']","[('Improvement', 'NN'), ('in', 'IN'), ('machines', 'NNS'), ('for', 'IN')]",0,"['NOUN', 'ADP', 'NOUN', 'ADP']",[],0,0,4,1
US154707A,1874-09-01,X i improvement in ,"['X', 'i', 'improvement', 'in']","[('X', 'NN'), ('i', 'NN'), ('improvement', 'NN'), ('in', 'IN')]",0,"['INTJ', 'PRON', 'VERB', 'ADP']",[],0,0,4,1
US154758A,1874-09-08,Improvement in apparatus for ,"['Improvement', 'in', 'apparatus', 'for']","[('Improvement', 'NN'), ('in', 'IN'), ('apparatus', 'NN'), ('for', 'IN')]",0,"['NOUN', 'ADP', 'NOUN', 'ADP']",[],0,0,4,1
US154766A,1874-09-08,pfan ne ,"['pfan', 'ne']","[('pfan', 'NN'), ('ne', 'NN')]",0,"['NOUN', 'ADP']",[],0,0,2,1
US154780A,1874-09-08,Improvement in ,"['Improvement', 'in']","[('Improvement', 'NN'), ('in', 'IN')]",0,"['NOUN', 'ADP']",[],0,0,2,1
US154952A,1874-09-15,Improvement in edible compounds or ,"['Improvement', 'in', 'edible', 'compounds', 'or']","[('Improvement', 'NN'), ('in', 'IN'), ('edible', 'JJ'), ('compounds', 'NNS'), ('or', 'CC')]",0,"['NOUN', 'ADP', 'ADJ', 'NOUN', 'CCONJ']",[],0,0,5,1
US155214A,1874-09-22,Improvement in apparatus for ,"['Improvement', 'in', 'apparatus', 'for']","[('Improvement', 'NN'), ('in', 'IN'), ('apparatus', 'NN'), ('for', 'IN')]",0,"['NOUN', 'ADP', 'NOUN', 'ADP']",[],0,0,4,1
US155384A,1874-09-29,Improvement in ,"['Improvement', 'in']","[('Improvement', 'NN'), ('in', 'IN')]",0,"['NOUN', 'ADP']",[],0,0,2,1
US156108A,1874-10-20,Improvement in methods of ,"['Improvement', 'in', 'methods', 'of']","[('Improvement', 'NN'), ('in', 'IN'), ('methods', 'NNS'), ('of', 'IN')]",0,"['NOUN', 'ADP', 'NOUN', 'ADP']",[],0,0,4,1
US156618A,1874-11-03,Improvement in ,"['Improvement', 'in']","[('Improvement', 'NN'), ('in', 'IN')]",0,"['NOUN', 'ADP']",[],0,0,2,1
US156701A,1874-11-10,Improvement in ,"['Improvement', 'in']","[('Improvement', 'NN'), ('in', 'IN')]",0,"['NOUN', 'ADP']",[],0,0,2,1
US156912A,1874-11-17,Improvement in ,"['Improvement', 'in']","[('Improvement', 'NN'), ('in', 'IN')]",0,"['NOUN', 'ADP']",[],0,0,2,1
US157717A,1874-12-15,"Improvement in tempering glass, and furnaces therefor ","['Improvement', 'in', 'tempering', 'glass,', 'and', 'furnaces', 'therefor']","[('Improvement', 'NN'), ('in', 'IN'), ('tempering', 'VBG'), ('glass,', 'NN'), ('and', 'CC'), ('furnaces', 'NNS'), ('therefor', 'VBP')]",0,"['NOUN', 'ADP', 'VERB', 'NOUN', 'PUNCT', 'CCONJ', 'NOUN', 'ADP']",[],0,0,8,1
US157857A,1874-12-15,Improvement in ,"['Improvement', 'in']","[('Improvement', 'NN'), ('in', 'IN')]",0,"['NOUN', 'ADP']",[],0,0,2,1
US160375A,1875-03-02,Improvement in machines for ,"['Improvement', 'in', 'machines', 'for']","[('Improvement', 'NN'), ('in', 'IN'), ('machines', 'NNS'), ('for', 'IN')]",0,"['NOUN', 'ADP', 'NOUN', 'ADP']",[],0,0,4,1
US161231A,1875-03-23,Improvement in methods of ,"['Improvement', 'in', 'methods', 'of']","[('Improvement', 'NN'), ('in', 'IN'), ('methods', 'NNS'), ('of', 'IN')]",0,"['NOUN', 'ADP', 'NOUN', 'ADP']",[],0,0,4,1
US161359A,1875-03-30,Improvement in ,"['Improvement', 'in']","[('Improvement', 'NN'), ('in', 'IN')]",0,"['NOUN', 'ADP']",[],0,0,2,1
US161943A,1875-04-13,Improvement in blanks for ,"['Improvement', 'in', 'blanks', 'for']","[('Improvement', 'NN'), ('in', 'IN'), ('blanks', 'NNS'), ('for', 'IN')]",0,"['NOUN', 'ADP', 'NOUN', 'ADP']",[],0,0,4,1
US162184A,1875-04-20,Geoege w ,"['Geoege', 'w']","[('Geoege', 'NNP'), ('w', 'NN')]",1,"['VERB', 'ADP']",[],0,0,2,1
US162185A,1875-04-20,Geoege w ,"['Geoege', 'w']","[('Geoege', 'NNP'), ('w', 'NN')]",1,"['VERB', 'ADP']",[],0,0,2,1
US162781A,1875-05-04,Improvement in devices for ,"['Improvement', 'in', 'devices', 'for']","[('Improvement', 'NN'), ('in', 'IN'), ('devices', 'NNS'), ('for', 'IN')]",0,"['NOUN', 'ADP', 'NOUN', 'ADP']",[],0,0,4,1
US163813A,1875-05-25,Improvement in ,"['Improvement', 'in']","[('Improvement', 'NN'), ('in', 'IN')]",0,"['NOUN', 'ADP']",[],0,0,2,1
US163880A,1875-06-01,Improvement in modes of ,"['Improvement', 'in', 'modes', 'of']","[('Improvement', 'NN'), ('in', 'IN'), ('modes', 'NNS'), ('of', 'IN')]",0,"['NOUN', 'ADP', 'NOUN', 'ADP']",[],0,0,4,1
US165080A,1875-06-29,Improvement in ,"['Improvement', 'in']","[('Improvement', 'NN'), ('in', 'IN')]",0,"['NOUN', 'ADP']",[],0,0,2,1
US165375A,1875-07-06,Improvement in ,"['Improvement', 'in']","[('Improvement', 'NN'), ('in', 'IN')]",0,"['NOUN', 'ADP']",[],0,0,2,1
US165630A,1875-07-13,Improvement in ,"['Improvement', 'in']","[('Improvement', 'NN'), ('in', 'IN')]",0,"['NOUN', 'ADP']",[],0,0,2,1
US166013A,1875-07-27,Improvement in ,"['Improvement', 'in']","[('Improvement', 'NN'), ('in', 'IN')]",0,"['NOUN', 'ADP']",[],0,0,2,1
US166077A,1875-07-27,Improvement in machines for ,"['Improvement', 'in', 'machines', 'for']","[('Improvement', 'NN'), ('in', 'IN'), ('machines', 'NNS'), ('for', 'IN')]",0,"['NOUN', 'ADP', 'NOUN', 'ADP']",[],0,0,4,1
US166158A,1875-07-27,Improvement in modes of ,"['Improvement', 'in', 'modes', 'of']","[('Improvement', 'NN'), ('in', 'IN'), ('modes', 'NNS'), ('of', 'IN')]",0,"['NOUN', 'ADP', 'NOUN', 'ADP']",[],0,0,4,1
US166916A,1875-08-24,Improvement in cement sewer-traps and molds therefor ,"['Improvement', 'in', 'cement', 'sewer-traps', 'and', 'molds', 'therefor']","[('Improvement', 'NN'), ('in', 'IN'), ('cement', 'NN'), ('sewer-traps', 'NNS'), ('and', 'CC'), ('molds', 'NNS'), ('therefor', 'NNS')]",0,"['NOUN', 'ADP', 'NOUN', 'NOUN', 'PUNCT', 'NOUN', 'CCONJ', 'NOUN', 'ADP']",[],0,0,9,1
US167524A,1875-09-07,Improvement in methods of removing calcareous deposits from the exterior of ,"['Improvement', 'in', 'methods', 'of', 'removing', 'calcareous', 'deposits', 'from', 'the', 'exterior', 'of']","[('Improvement', 'NN'), ('in', 'IN'), ('methods', 'NNS'), ('of', 'IN'), ('removing', 'VBG'), ('calcareous', 'JJ'), ('deposits', 'NNS'), ('from', 'IN'), ('the', 'DT'), ('exterior', 'NN'), ('of', 'IN')]",0,"['NOUN', 'ADP', 'NOUN', 'ADP', 'VERB', 'ADJ', 'NOUN', 'ADP', 'DET', 'NOUN', 'ADP']",[],0,0,11,1
US167692A,1875-09-14,Improvement in ,"['Improvement', 'in']","[('Improvement', 'NN'), ('in', 'IN')]",0,"['NOUN', 'ADP']",[],0,0,2,1
US167847A,1875-09-21,Improvement in processes and apparatus for the manufacture of illuminating or ,"['Improvement', 'in', 'processes', 'and', 'apparatus', 'for', 'the', 'manufacture', 'of', 'illuminating', 'or']","[('Improvement', 'NN'), ('in', 'IN'), ('processes', 'NNS'), ('and', 'CC'), ('apparatus', 'NN'), ('for', 'IN'), ('the', 'DT'), ('manufacture', 'NN'), ('of', 'IN'), ('illuminating', 'NN'), ('or', 'CC')]",0,"['NOUN', 'ADP', 'NOUN', 'CCONJ', 'NOUN', 'ADP', 'DET', 'NOUN', 'ADP', 'VERB', 'CCONJ']",[],0,0,11,1
US168985A,1875-10-19,Improvement in ,"['Improvement', 'in']","[('Improvement', 'NN'), ('in', 'IN')]",0,"['NOUN', 'ADP']",[],0,0,2,1
US169040A,1875-10-19,Improvement in ,"['Improvement', 'in']","[('Improvement', 'NN'), ('in', 'IN')]",0,"['NOUN', 'ADP']",[],0,0,2,1
US169213A,1875-10-26,Improvement in dies for upsetting the ends of plowshares and blanks therefor ,"['Improvement', 'in', 'dies', 'for', 'upsetting', 'the', 'ends', 'of', 'plowshares', 'and', 'blanks', 'therefor']","[('Improvement', 'NN'), ('in', 'IN'), ('dies', 'NNS'), ('for', 'IN'), ('upsetting', 'VBG'), ('the', 'DT'), ('ends', 'NNS'), ('of', 'IN'), ('plowshares', 'NNS'), ('and', 'CC'), ('blanks', 'NNS'), ('therefor', 'VBP')]",0,"['NOUN', 'ADP', 'NOUN', 'ADP', 'VERB', 'DET', 'NOUN', 'ADP', 'NOUN', 'CCONJ', 'VERB', 'ADP']",[],0,0,12,1
US169396A,1875-11-02,ahlstrom ,['ahlstrom'],"[('ahlstrom', 'NN')]",0,['ADP'],[],0,0,1,1
US169423A,1875-11-02,Process and apparatus for enriching gas or air with ,"['Process', 'and', 'apparatus', 'for', 'enriching', 'gas', 'or', 'air', 'with']","[('Process', 'NN'), ('and', 'CC'), ('apparatus', 'NN'), ('for', 'IN'), ('enriching', 'VBG'), ('gas', 'NN'), ('or', 'CC'), ('air', 'NN'), ('with', 'IN')]",0,"['NOUN', 'CCONJ', 'NOUN', 'ADP', 'VERB', 'NOUN', 'CCONJ', 'NOUN', 'ADP']",[],0,0,9,1
US169783A,1875-11-09,Improvement in tempering glass and furnaces therefor ,"['Improvement', 'in', 'tempering', 'glass', 'and', 'furnaces', 'therefor']","[('Improvement', 'NN'), ('in', 'IN'), ('tempering', 'VBG'), ('glass', 'NN'), ('and', 'CC'), ('furnaces', 'NNS'), ('therefor', 'VBP')]",0,"['NOUN', 'ADP', 'VERB', 'NOUN', 'CCONJ', 'NOUN', 'ADP']",[],0,0,7,1
US170017A,1875-11-16,Improvement in ,"['Improvement', 'in']","[('Improvement', 'NN'), ('in', 'IN')]",0,"['NOUN', 'ADP']",[],0,0,2,1
US170574A,1875-11-30,Improvement in ,"['Improvement', 'in']","[('Improvement', 'NN'), ('in', 'IN')]",0,"['NOUN', 'ADP']",[],0,0,2,1
US171332A,1875-12-21,Improvement in apparatus for preserving corpses and other organic matter from ,"['Improvement', 'in', 'apparatus', 'for', 'preserving', 'corpses', 'and', 'other', 'organic', 'matter', 'from']","[('Improvement', 'NN'), ('in', 'IN'), ('apparatus', 'NN'), ('for', 'IN'), ('preserving', 'VBG'), ('corpses', 'NNS'), ('and', 'CC'), ('other', 'JJ'), ('organic', 'JJ'), ('matter', 'NN'), ('from', 'IN')]",0,"['NOUN', 'ADP', 'NOUN', 'ADP', 'VERB', 'NOUN', 'CCONJ', 'ADJ', 'ADJ', 'NOUN', 'ADP']",[],0,0,11,1
US171869A,1876-01-04,Improvement in electric regulators for ,"['Improvement', 'in', 'electric', 'regulators', 'for']","[('Improvement', 'NN'), ('in', 'IN'), ('electric', 'JJ'), ('regulators', 'NNS'), ('for', 'IN')]",0,"['NOUN', 'ADP', 'ADJ', 'NOUN', 'ADP']",[],0,0,5,1
US172177A,1876-01-11,Improvement in devices for ,"['Improvement', 'in', 'devices', 'for']","[('Improvement', 'NN'), ('in', 'IN'), ('devices', 'NNS'), ('for', 'IN')]",0,"['NOUN', 'ADP', 'NOUN', 'ADP']",[],0,0,4,1
US172581A,1876-01-25,Improvement in ,"['Improvement', 'in']","[('Improvement', 'NN'), ('in', 'IN')]",0,"['NOUN', 'ADP']",[],0,0,2,1
US172871A,1876-02-01,Improvement in apparatus for ,"['Improvement', 'in', 'apparatus', 'for']","[('Improvement', 'NN'), ('in', 'IN'), ('apparatus', 'NN'), ('for', 'IN')]",0,"['NOUN', 'ADP', 'NOUN', 'ADP']",[],0,0,4,1
US172995A,1876-02-01,Improvement in the manufacture of soluble gun-cotton and products therefrom ,"['Improvement', 'in', 'the', 'manufacture', 'of', 'soluble', 'gun-cotton', 'and', 'products', 'therefrom']","[('Improvement', 'NN'), ('in', 'IN'), ('the', 'DT'), ('manufacture', 'NN'), ('of', 'IN'), ('soluble', 'JJ'), ('gun-cotton', 'NN'), ('and', 'CC'), ('products', 'NNS'), ('therefrom', 'IN')]",0,"['NOUN', 'ADP', 'DET', 'NOUN', 'ADP', 'ADJ', 'NOUN', 'PUNCT', 'NOUN', 'CCONJ', 'NOUN', 'ADP']",[],0,0,12,1
US173942A,1876-02-22,Improvement in ,"['Improvement', 'in']","[('Improvement', 'NN'), ('in', 'IN')]",0,"['NOUN', 'ADP']",[],0,0,2,1
US174127A,1876-02-29,Improvement in ,"['Improvement', 'in']","[('Improvement', 'NN'), ('in', 'IN')]",0,"['NOUN', 'ADP']",[],0,0,2,1
US174562A,1876-03-07,Improvement in ,"['Improvement', 'in']","[('Improvement', 'NN'), ('in', 'IN')]",0,"['NOUN', 'ADP']",[],0,0,2,1
US176654A,1876-04-25,Improvement in ,"['Improvement', 'in']","[('Improvement', 'NN'), ('in', 'IN')]",0,"['NOUN', 'ADP']",[],0,0,2,1
US176970A,1876-05-02,laws on ,"['laws', 'on']","[('laws', 'NNS'), ('on', 'IN')]",0,"['NOUN', 'ADP']",[],0,0,2,1
US177030A,1876-05-02,Improvement in ,"['Improvement', 'in']","[('Improvement', 'NN'), ('in', 'IN')]",0,"['NOUN', 'ADP']",[],0,0,2,1
US178727A,1876-06-13,Improvement in ,"['Improvement', 'in']","[('Improvement', 'NN'), ('in', 'IN')]",0,"['NOUN', 'ADP']",[],0,0,2,1
US179595A,1876-07-04,Improvement in apparatus for ,"['Improvement', 'in', 'apparatus', 'for']","[('Improvement', 'NN'), ('in', 'IN'), ('apparatus', 'NN'), ('for', 'IN')]",0,"['NOUN', 'ADP', 'NOUN', 'ADP']",[],0,0,4,1
US180590A,1876-08-01,Improvement in ,"['Improvement', 'in']","[('Improvement', 'NN'), ('in', 'IN')]",0,"['NOUN', 'ADP']",[],0,0,2,1
US180611A,1876-08-01,Improvement in ,"['Improvement', 'in']","[('Improvement', 'NN'), ('in', 'IN')]",0,"['NOUN', 'ADP']",[],0,0,2,1
US180971A,1876-08-08,Improvement in apparatus for ,"['Improvement', 'in', 'apparatus', 'for']","[('Improvement', 'NN'), ('in', 'IN'), ('apparatus', 'NN'), ('for', 'IN')]",0,"['NOUN', 'ADP', 'NOUN', 'ADP']",[],0,0,4,1
US181013A,1876-08-15,Improvement in bottoms for ,"['Improvement', 'in', 'bottoms', 'for']","[('Improvement', 'NN'), ('in', 'IN'), ('bottoms', 'NNS'), ('for', 'IN')]",0,"['NOUN', 'ADP', 'NOUN', 'ADP']",[],0,0,4,1
US181265A,1876-08-22,Improvement in ,"['Improvement', 'in']","[('Improvement', 'NN'), ('in', 'IN')]",0,"['NOUN', 'ADP']",[],0,0,2,1
US181402A,1876-08-22,Improvement in apparatus for treating refuse from slaughter-houses for ,"['Improvement', 'in', 'apparatus', 'for', 'treating', 'refuse', 'from', 'slaughter-houses', 'for']","[('Improvement', 'NN'), ('in', 'IN'), ('apparatus', 'NN'), ('for', 'IN'), ('treating', 'VBG'), ('refuse', 'NN'), ('from', 'IN'), ('slaughter-houses', 'NNS'), ('for', 'IN')]",0,"['NOUN', 'ADP', 'NOUN', 'ADP', 'VERB', 'NOUN', 'ADP', 'NOUN', 'PUNCT', 'NOUN', 'ADP']",[],0,0,11,1
US181773A,1876-09-05,Improvement in ,"['Improvement', 'in']","[('Improvement', 'NN'), ('in', 'IN')]",0,"['NOUN', 'ADP']",[],0,0,2,1
US183242A,1876-10-10,Improvement in processes and apparatus for manufacturing fertilizers from ,"['Improvement', 'in', 'processes', 'and', 'apparatus', 'for', 'manufacturing', 'fertilizers', 'from']","[('Improvement', 'NN'), ('in', 'IN'), ('processes', 'NNS'), ('and', 'CC'), ('apparatus', 'NN'), ('for', 'IN'), ('manufacturing', 'VBG'), ('fertilizers', 'NNS'), ('from', 'IN')]",0,"['NOUN', 'ADP', 'NOUN', 'CCONJ', 'NOUN', 'ADP', 'NOUN', 'NOUN', 'ADP']",[],0,0,9,1
US183271A,1876-10-17,Improvement in ,"['Improvement', 'in']","[('Improvement', 'NN'), ('in', 'IN')]",0,"['NOUN', 'ADP']",[],0,0,2,1
US183888A,1876-10-31,Improvement in ,"['Improvement', 'in']","[('Improvement', 'NN'), ('in', 'IN')]",0,"['NOUN', 'ADP']",[],0,0,2,1
US184494A,1876-11-21,Improvement in iachhnes for ,"['Improvement', 'in', 'iachhnes', 'for']","[('Improvement', 'NN'), ('in', 'IN'), ('iachhnes', 'NNS'), ('for', 'IN')]",0,"['NOUN', 'ADP', 'NOUN', 'ADP']",[],0,0,4,1
US185272A,1876-12-12,Improvement in couplings for ,"['Improvement', 'in', 'couplings', 'for']","[('Improvement', 'NN'), ('in', 'IN'), ('couplings', 'NNS'), ('for', 'IN')]",0,"['NOUN', 'ADP', 'NOUN', 'ADP']",[],0,0,4,1
US185902A,1877-01-02,Improvement in ,"['Improvement', 'in']","[('Improvement', 'NN'), ('in', 'IN')]",0,"['NOUN', 'ADP']",[],0,0,2,1
US187474A,1877-02-20,Improvement in ,"['Improvement', 'in']","[('Improvement', 'NN'), ('in', 'IN')]",0,"['NOUN', 'ADP']",[],0,0,2,1
US187577A,1877-02-20,Improvement in ,"['Improvement', 'in']","[('Improvement', 'NN'), ('in', 'IN')]",0,"['NOUN', 'ADP']",[],0,0,2,1
US187717A,1877-02-27,Improvement in machines for ,"['Improvement', 'in', 'machines', 'for']","[('Improvement', 'NN'), ('in', 'IN'), ('machines', 'NNS'), ('for', 'IN')]",0,"['NOUN', 'ADP', 'NOUN', 'ADP']",[],0,0,4,1
US187966A,1877-03-06,Improvement in artificial filtrat on ,"['Improvement', 'in', 'artificial', 'filtrat', 'on']","[('Improvement', 'NN'), ('in', 'IN'), ('artificial', 'JJ'), ('filtrat', 'NN'), ('on', 'IN')]",0,"['NOUN', 'ADP', 'ADJ', 'NOUN', 'ADP']",[],0,0,5,1
US188259A,1877-03-13,Improvement in pressure devices for ,"['Improvement', 'in', 'pressure', 'devices', 'for']","[('Improvement', 'NN'), ('in', 'IN'), ('pressure', 'NN'), ('devices', 'NNS'), ('for', 'IN')]",0,"['NOUN', 'ADP', 'NOUN', 'NOUN', 'ADP']",[],0,0,5,1
US188703A,1877-03-20,Improvement in method-of burning stone-coal slack in the manufacture of ,"['Improvement', 'in', 'method-of', 'burning', 'stone-coal', 'slack', 'in', 'the', 'manufacture', 'of']","[('Improvement', 'NN'), ('in', 'IN'), ('method-of', 'JJ'), ('burning', 'VBG'), ('stone-coal', 'JJ'), ('slack', 'NN'), ('in', 'IN'), ('the', 'DT'), ('manufacture', 'NN'), ('of', 'IN')]",0,"['NOUN', 'ADP', 'NOUN', 'PUNCT', 'ADP', 'VERB', 'NOUN', 'PUNCT', 'NOUN', 'NOUN', 'ADP', 'DET', 'NOUN', 'ADP']",[],0,0,14,1
US188819A,1877-03-27,Improvement in ,"['Improvement', 'in']","[('Improvement', 'NN'), ('in', 'IN')]",0,"['NOUN', 'ADP']",[],0,0,2,1
US189041A,1877-04-03,Improvement in couplings for ,"['Improvement', 'in', 'couplings', 'for']","[('Improvement', 'NN'), ('in', 'IN'), ('couplings', 'NNS'), ('for', 'IN')]",0,"['NOUN', 'ADP', 'NOUN', 'ADP']",[],0,0,4,1
US190225A,1877-05-01,Improvement in ,"['Improvement', 'in']","[('Improvement', 'NN'), ('in', 'IN')]",0,"['NOUN', 'ADP']",[],0,0,2,1
US190899A,1877-05-15,Improvement in apparatus for separating malt extract from the husks or refuse of ,"['Improvement', 'in', 'apparatus', 'for', 'separating', 'malt', 'extract', 'from', 'the', 'husks', 'or', 'refuse', 'of']","[('Improvement', 'NN'), ('in', 'IN'), ('apparatus', 'NN'), ('for', 'IN'), ('separating', 'VBG'), ('malt', 'JJ'), ('extract', 'NN'), ('from', 'IN'), ('the', 'DT'), ('husks', 'NNS'), ('or', 'CC'), ('refuse', 'NN'), ('of', 'IN')]",0,"['NOUN', 'ADP', 'NOUN', 'ADP', 'VERB', 'ADJ', 'NOUN', 'ADP', 'DET', 'NOUN', 'CCONJ', 'VERB', 'ADP']",[],0,0,13,1
US190925A,1877-05-15,Improvement in ,"['Improvement', 'in']","[('Improvement', 'NN'), ('in', 'IN')]",0,"['NOUN', 'ADP']",[],0,0,2,1
US191026A,1877-05-22,Improvement in tools for tightening and fastening straps for securing hose to ,"['Improvement', 'in', 'tools', 'for', 'tightening', 'and', 'fastening', 'straps', 'for', 'securing', 'hose', 'to']","[('Improvement', 'NN'), ('in', 'IN'), ('tools', 'NNS'), ('for', 'IN'), ('tightening', 'VBG'), ('and', 'CC'), ('fastening', 'VBG'), ('straps', 'NNS'), ('for', 'IN'), ('securing', 'VBG'), ('hose', 'NN'), ('to', 'TO')]",0,"['NOUN', 'ADP', 'NOUN', 'ADP', 'VERB', 'CCONJ', 'VERB', 'NOUN', 'ADP', 'VERB', 'NOUN', 'ADP']",[],0,0,12,1
US191138A,1877-05-22,Improvement in ,"['Improvement', 'in']","[('Improvement', 'NN'), ('in', 'IN')]",0,"['NOUN', 'ADP']",[],0,0,2,1
US191204A,1877-05-22,Improvement in ,"['Improvement', 'in']","[('Improvement', 'NN'), ('in', 'IN')]",0,"['NOUN', 'ADP']",[],0,0,2,1
US191300A,1877-05-29,Improvement in ,"['Improvement', 'in']","[('Improvement', 'NN'), ('in', 'IN')]",0,"['NOUN', 'ADP']",[],0,0,2,1
US191530A,1877-06-05,Improvement in processes of ,"['Improvement', 'in', 'processes', 'of']","[('Improvement', 'NN'), ('in', 'IN'), ('processes', 'NNS'), ('of', 'IN')]",0,"['NOUN', 'ADP', 'NOUN', 'ADP']",[],0,0,4,1
US191670A,1877-06-05,Improvement in ,"['Improvement', 'in']","[('Improvement', 'NN'), ('in', 'IN')]",0,"['NOUN', 'ADP']",[],0,0,2,1
US192824A,1877-07-10,Improvement in ,"['Improvement', 'in']","[('Improvement', 'NN'), ('in', 'IN')]",0,"['NOUN', 'ADP']",[],0,0,2,1
US193070A,1877-07-17,Improvement in ,"['Improvement', 'in']","[('Improvement', 'NN'), ('in', 'IN')]",0,"['NOUN', 'ADP']",[],0,0,2,1
US193088A,1877-07-17,Improvement in street mains or pipes for supplying large districts with heat for ,"['Improvement', 'in', 'street', 'mains', 'or', 'pipes', 'for', 'supplying', 'large', 'districts', 'with', 'heat', 'for']","[('Improvement', 'NN'), ('in', 'IN'), ('street', 'NN'), ('mains', 'NNS'), ('or', 'CC'), ('pipes', 'NNS'), ('for', 'IN'), ('supplying', 'VBG'), ('large', 'JJ'), ('districts', 'NNS'), ('with', 'IN'), ('heat', 'NN'), ('for', 'IN')]",0,"['NOUN', 'ADP', 'NOUN', 'NOUN', 'CCONJ', 'NOUN', 'ADP', 'VERB', 'ADJ', 'NOUN', 'ADP', 'NOUN', 'ADP']",[],0,0,13,1
US193220A,1877-07-17,Improvement in ,"['Improvement', 'in']","[('Improvement', 'NN'), ('in', 'IN')]",0,"['NOUN', 'ADP']",[],0,0,2,1
US193516A,1877-07-24,Improvement in system and apparatus for the improvement of the navigation of ,"['Improvement', 'in', 'system', 'and', 'apparatus', 'for', 'the', 'improvement', 'of', 'the', 'navigation', 'of']","[('Improvement', 'NN'), ('in', 'IN'), ('system', 'NN'), ('and', 'CC'), ('apparatus', 'NN'), ('for', 'IN'), ('the', 'DT'), ('improvement', 'NN'), ('of', 'IN'), ('the', 'DT'), ('navigation', 'NN'), ('of', 'IN')]",0,"['NOUN', 'ADP', 'NOUN', 'CCONJ', 'NOUN', 'ADP', 'DET', 'NOUN', 'ADP', 'DET', 'NOUN', 'ADP']",[],0,0,12,1
US193595A,1877-07-31,Improvement in combined tube-clamp and wrench for sustaining the lining of ,"['Improvement', 'in', 'combined', 'tube-clamp', 'and', 'wrench', 'for', 'sustaining', 'the', 'lining', 'of']","[('Improvement', 'NN'), ('in', 'IN'), ('combined', 'JJ'), ('tube-clamp', 'JJ'), ('and', 'CC'), ('wrench', 'NN'), ('for', 'IN'), ('sustaining', 'VBG'), ('the', 'DT'), ('lining', 'NN'), ('of', 'IN')]",0,"['NOUN', 'ADP', 'VERB', 'NOUN', 'PUNCT', 'NOUN', 'CCONJ', 'VERB', 'ADP', 'VERB', 'DET', 'NOUN', 'ADP']",[],0,0,13,1
US193646A,1877-07-31,Improvement in attachments to knitting-machines for re-enforcing the knee-caps of ,"['Improvement', 'in', 'attachments', 'to', 'knitting-machines', 'for', 're-enforcing', 'the', 'knee-caps', 'of']","[('Improvement', 'NN'), ('in', 'IN'), ('attachments', 'NNS'), ('to', 'TO'), ('knitting-machines', 'NNS'), ('for', 'IN'), ('re-enforcing', 'VBG'), ('the', 'DT'), ('knee-caps', 'NNS'), ('of', 'IN')]",0,"['NOUN', 'ADP', 'NOUN', 'ADP', 'NOUN', 'PUNCT', 'NOUN', 'ADP', 'VERB', 'VERB', 'VERB', 'DET', 'NOUN', 'PUNCT', 'NOUN', 'ADP']",[],0,0,16,1
US193738A,1877-07-31,Improvement in ,"['Improvement', 'in']","[('Improvement', 'NN'), ('in', 'IN')]",0,"['NOUN', 'ADP']",[],0,0,2,1
US193748A,1877-07-31,Improvement-in devices for ,"['Improvement-in', 'devices', 'for']","[('Improvement-in', 'JJ'), ('devices', 'NNS'), ('for', 'IN')]",0,"['NOUN', 'PUNCT', 'ADP', 'NOUN', 'ADP']",[],0,0,5,1
US194050A,1877-08-14,"Improvement in processes of recovering phosphoric acid, used in manufacture of ","['Improvement', 'in', 'processes', 'of', 'recovering', 'phosphoric', 'acid,', 'used', 'in', 'manufacture', 'of']","[('Improvement', 'NN'), ('in', 'IN'), ('processes', 'NNS'), ('of', 'IN'), ('recovering', 'VBG'), ('phosphoric', 'JJ'), ('acid,', 'NN'), ('used', 'VBN'), ('in', 'IN'), ('manufacture', 'NN'), ('of', 'IN')]",0,"['NOUN', 'ADP', 'NOUN', 'ADP', 'VERB', 'ADJ', 'NOUN', 'PUNCT', 'VERB', 'ADP', 'NOUN', 'ADP']",[],0,0,12,1
US194313A,1877-08-21,Improvement in ,"['Improvement', 'in']","[('Improvement', 'NN'), ('in', 'IN')]",0,"['NOUN', 'ADP']",[],0,0,2,1
US195750A,1877-10-02,Improvement in ,"['Improvement', 'in']","[('Improvement', 'NN'), ('in', 'IN')]",0,"['NOUN', 'ADP']",[],0,0,2,1
US196743A,1877-11-06,Improvement in ,"['Improvement', 'in']","[('Improvement', 'NN'), ('in', 'IN')]",0,"['NOUN', 'ADP']",[],0,0,2,1
US196940A,1877-11-06,Improvement in clasps for ,"['Improvement', 'in', 'clasps', 'for']","[('Improvement', 'NN'), ('in', 'IN'), ('clasps', 'NN'), ('for', 'IN')]",0,"['NOUN', 'ADP', 'NOUN', 'ADP']",[],0,0,4,1
US197077A,1877-11-13,Improvement in processes and apparatus for the manufacture of illuminating-gas from ,"['Improvement', 'in', 'processes', 'and', 'apparatus', 'for', 'the', 'manufacture', 'of', 'illuminating-gas', 'from']","[('Improvement', 'NN'), ('in', 'IN'), ('processes', 'NNS'), ('and', 'CC'), ('apparatus', 'NN'), ('for', 'IN'), ('the', 'DT'), ('manufacture', 'NN'), ('of', 'IN'), ('illuminating-gas', 'NN'), ('from', 'IN')]",0,"['NOUN', 'ADP', 'NOUN', 'CCONJ', 'NOUN', 'ADP', 'DET', 'NOUN', 'ADP', 'NOUN', 'PUNCT', 'NOUN', 'ADP']",[],0,0,13,1
US197707A,1877-11-27,Improvement in ,"['Improvement', 'in']","[('Improvement', 'NN'), ('in', 'IN')]",0,"['NOUN', 'ADP']",[],0,0,2,1
US197875A,1877-12-04,Improvement in ,"['Improvement', 'in']","[('Improvement', 'NN'), ('in', 'IN')]",0,"['NOUN', 'ADP']",[],0,0,2,1
US198014A,1877-12-11,Improvement in apparatus for ,"['Improvement', 'in', 'apparatus', 'for']","[('Improvement', 'NN'), ('in', 'IN'), ('apparatus', 'NN'), ('for', 'IN')]",0,"['NOUN', 'ADP', 'NOUN', 'ADP']",[],0,0,4,1
US198133A,1877-12-11,Improvement in ,"['Improvement', 'in']","[('Improvement', 'NN'), ('in', 'IN')]",0,"['NOUN', 'ADP']",[],0,0,2,1
US198875A,1878-01-01,"Improvement in art of curing hops, and furnaces used therefor ","['Improvement', 'in', 'art', 'of', 'curing', 'hops,', 'and', 'furnaces', 'used', 'therefor']","[('Improvement', 'NN'), ('in', 'IN'), ('art', 'NN'), ('of', 'IN'), ('curing', 'VBG'), ('hops,', 'NN'), ('and', 'CC'), ('furnaces', 'NNS'), ('used', 'VBN'), ('therefor', 'NNS')]",0,"['NOUN', 'ADP', 'NOUN', 'ADP', 'VERB', 'NOUN', 'PUNCT', 'CCONJ', 'NOUN', 'VERB', 'ADP']",[],0,0,11,1
US198954A,1878-01-08,Improvement in ,"['Improvement', 'in']","[('Improvement', 'NN'), ('in', 'IN')]",0,"['NOUN', 'ADP']",[],0,0,2,1
US199323A,1878-01-15,Improvement in  carbureting attachments for ,"['Improvement', 'in', 'carbureting', 'attachments', 'for']","[('Improvement', 'NN'), ('in', 'IN'), ('carbureting', 'VBG'), ('attachments', 'NNS'), ('for', 'IN')]",0,"['NOUN', 'ADP', 'SPACE', 'VERB', 'NOUN', 'ADP']",[],0,0,6,1
US199324A,1878-01-15,Improvement in non-conducting casings for ,"['Improvement', 'in', 'non-conducting', 'casings', 'for']","[('Improvement', 'NN'), ('in', 'IN'), ('non-conducting', 'JJ'), ('casings', 'NNS'), ('for', 'IN')]",0,"['NOUN', 'ADP', 'ADJ', 'ADJ', 'ADJ', 'NOUN', 'ADP']",[],0,0,7,1
US199656A,1878-01-29,Improvement in ,"['Improvement', 'in']","[('Improvement', 'NN'), ('in', 'IN')]",0,"['NOUN', 'ADP']",[],0,0,2,1
US199903A,1878-02-05,Improvement in ,"['Improvement', 'in']","[('Improvement', 'NN'), ('in', 'IN')]",0,"['NOUN', 'ADP']",[],0,0,2,1
US199957A,1878-02-05,Improvement in methods of ,"['Improvement', 'in', 'methods', 'of']","[('Improvement', 'NN'), ('in', 'IN'), ('methods', 'NNS'), ('of', 'IN')]",0,"['NOUN', 'ADP', 'NOUN', 'ADP']",[],0,0,4,1
US199965A,1878-02-05,Improvement in pinchers for ,"['Improvement', 'in', 'pinchers', 'for']","[('Improvement', 'NN'), ('in', 'IN'), ('pinchers', 'NNS'), ('for', 'IN')]",0,"['NOUN', 'ADP', 'NOUN', 'ADP']",[],0,0,4,1
